fixed acidity,volatile acidity,citric acid,residual sugar,chlorides,free sulfur dioxide,total sulfur dioxide,density,pH,sulphates,alcohol,quality
74,0.7,0,19,0.076,11,34,0.9978,351,0.56,94,5
78,0.88,0,26,0.098,25,67,0.9968,32,0.68,98,5
78,0.76,0.04,23,0.092,15,54,0.997,326,0.65,98,5
112,0.28,0.56,19,0.075,17,60,0.998,316,0.58,98,6
74,0.7,0,19,0.076,11,34,0.9978,351,0.56,94,5
74,0.66,0,18,0.075,13,40,0.9978,351,0.56,94,5
79,0.6,0.06,16,0.069,15,59,0.9964,33,0.46,94,5
73,0.65,0,12,0.065,15,21,0.9946,339,0.47,10,7
78,0.58,0.02,2,0.073,9,18,0.9968,336,0.57,95,7
75,0.5,0.36,61,0.071,17,102,0.9978,335,0.8,105,5
67,0.58,0.08,18,0.097,15,65,0.9959,328,0.54,92,5
75,0.5,0.36,61,0.071,17,102,0.9978,335,0.8,105,5
56,0.615,0,16,0.089,16,59,0.9943,358,0.52,99,5
78,0.61,0.29,16,0.114,9,29,0.9974,326,1.56,91,5
89,0.62,0.18,38,0.176,52,145,0.9986,316,0.88,92,5
89,0.62,0.19,39,0.17,51,148,0.9986,317,0.93,92,5
85,0.28,0.56,18,0.092,35,103,0.9969,33,0.75,105,7
81,0.56,0.28,17,0.368,16,56,0.9968,311,1.28,93,5
74,0.59,0.08,44,0.086,6,29,0.9974,338,0.5,9,4
79,0.32,0.51,18,0.341,17,56,0.9969,304,1.08,92,6
89,0.22,0.48,18,0.077,29,60,0.9968,339,0.53,94,6
76,0.39,0.31,23,0.082,23,71,0.9982,352,0.65,97,5
79,0.43,0.21,16,0.106,10,37,0.9966,317,0.91,95,5
85,0.49,0.11,23,0.084,9,67,0.9968,317,0.53,94,5
69,0.4,0.14,24,0.085,21,40,0.9968,343,0.63,97,6
63,0.39,0.16,14,0.08,11,23,0.9955,334,0.56,93,5
76,0.41,0.24,18,0.08,4,11,0.9962,328,0.59,95,5
79,0.43,0.21,16,0.106,10,37,0.9966,317,0.91,95,5
71,0.71,0,19,0.08,14,35,0.9972,347,0.55,94,5
78,0.645,0,2,0.082,8,16,0.9964,338,0.59,98,6
67,0.675,0.07,24,0.089,17,82,0.9958,335,0.54,101,5
69,0.685,0,25,0.105,22,37,0.9966,346,0.57,106,6
83,0.655,0.12,23,0.083,15,113,0.9966,317,0.66,98,5
69,0.605,0.12,107,0.073,40,83,0.9993,345,0.52,94,6
52,0.32,0.25,18,0.103,13,50,0.9957,338,0.55,92,5
78,0.645,0,55,0.086,5,18,0.9986,34,0.55,96,6
78,0.6,0.14,24,0.086,3,15,0.9975,342,0.6,108,6
81,0.38,0.28,21,0.066,13,30,0.9968,323,0.73,97,7
57,1.13,0.09,15,0.172,7,19,0.994,35,0.48,98,4
73,0.45,0.36,59,0.074,12,87,0.9978,333,0.83,105,5
73,0.45,0.36,59,0.074,12,87,0.9978,333,0.83,105,5
88,0.61,0.3,28,0.088,17,46,0.9976,326,0.51,93,4
75,0.49,0.2,26,0.332,8,14,0.9968,321,0.9,105,6
81,0.66,0.22,22,0.069,9,23,0.9968,33,1.2,103,5
68,0.67,0.02,18,0.05,5,11,0.9962,348,0.52,95,5
46,0.52,0.15,21,0.054,8,65,0.9934,39,0.56,131,4
77,0.935,0.43,22,0.114,22,114,0.997,325,0.73,92,5
87,0.29,0.52,16,0.113,12,37,0.9969,325,0.58,95,5
64,0.4,0.23,16,0.066,5,12,0.9958,334,0.56,92,5
56,0.31,0.37,14,0.074,12,96,0.9954,332,0.58,92,5
88,0.66,0.26,17,0.074,4,23,0.9971,315,0.74,92,5
66,0.52,0.04,22,0.069,8,15,0.9956,34,0.63,94,6
66,0.5,0.04,21,0.068,6,14,0.9955,339,0.64,94,6
86,0.38,0.36,3,0.081,30,119,0.997,32,0.56,94,5
76,0.51,0.15,28,0.11,33,73,0.9955,317,0.63,102,6
77,0.62,0.04,38,0.084,25,45,0.9978,334,0.53,95,5
102,0.42,0.57,34,0.07,4,10,0.9971,304,0.63,96,5
75,0.63,0.12,51,0.111,50,110,0.9983,326,0.77,94,5
78,0.59,0.18,23,0.076,17,54,0.9975,343,0.59,10,5
73,0.39,0.31,24,0.074,9,46,0.9962,341,0.54,94,6
88,0.4,0.4,22,0.079,19,52,0.998,344,0.64,92,5
77,0.69,0.49,18,0.115,20,112,0.9968,321,0.71,93,5
75,0.52,0.16,19,0.085,12,35,0.9968,338,0.62,95,7
7,0.735,0.05,2,0.081,13,54,0.9966,339,0.57,98,5
72,0.725,0.05,465,0.086,4,11,0.9962,341,0.39,109,5
72,0.725,0.05,465,0.086,4,11,0.9962,341,0.39,109,5
75,0.52,0.11,15,0.079,11,39,0.9968,342,0.58,96,5
66,0.705,0.07,16,0.076,6,15,0.9962,344,0.58,107,5
93,0.32,0.57,2,0.074,27,65,0.9969,328,0.79,107,5
8,0.705,0.05,19,0.074,8,19,0.9962,334,0.95,105,6
77,0.63,0.08,19,0.076,15,27,0.9967,332,0.54,95,6
77,0.67,0.23,21,0.088,17,96,0.9962,332,0.48,95,5
77,0.69,0.22,19,0.084,18,94,0.9961,331,0.48,95,5
83,0.675,0.26,21,0.084,11,43,0.9976,331,0.53,92,4
97,0.32,0.54,25,0.094,28,83,0.9984,328,0.82,96,5
88,0.41,0.64,22,0.093,9,42,0.9986,354,0.66,105,5
88,0.41,0.64,22,0.093,9,42,0.9986,354,0.66,105,5
68,0.785,0,24,0.104,14,30,0.9966,352,0.55,107,6
67,0.75,0.12,2,0.086,12,80,0.9958,338,0.52,101,5
83,0.625,0.2,15,0.08,27,119,0.9972,316,1.12,91,4
62,0.45,0.2,16,0.069,3,15,0.9958,341,0.56,92,5
78,0.43,0.7,19,0.464,22,67,0.9974,313,1.28,94,5
74,0.5,0.47,2,0.086,21,73,0.997,336,0.57,91,5
73,0.67,0.26,18,0.401,16,51,0.9969,316,1.14,94,5
63,0.3,0.48,18,0.069,18,61,0.9959,344,0.78,103,6
69,0.55,0.15,22,0.076,19,40,0.9961,341,0.59,101,5
86,0.49,0.28,19,0.11,20,136,0.9972,293,1.95,99,6
77,0.49,0.26,19,0.062,9,31,0.9966,339,0.64,96,5
93,0.39,0.44,21,0.107,34,125,0.9978,314,1.22,95,5
7,0.62,0.08,18,0.076,8,24,0.9978,348,0.53,9,5
79,0.52,0.26,19,0.079,42,140,0.9964,323,0.54,95,5
86,0.49,0.28,19,0.11,20,136,0.9972,293,1.95,99,6
86,0.49,0.29,2,0.11,19,133,0.9972,293,1.98,98,5
77,0.49,0.26,19,0.062,9,31,0.9966,339,0.64,96,5
5,1.02,0.04,14,0.045,41,85,0.9938,375,0.48,105,4
47,0.6,0.17,23,0.058,17,106,0.9932,385,0.6,129,6
68,0.775,0,3,0.102,8,23,0.9965,345,0.56,107,5
7,0.5,0.25,2,0.07,3,22,0.9963,325,0.63,92,5
76,0.9,0.06,25,0.079,5,10,0.9967,339,0.56,98,5
81,0.545,0.18,19,0.08,13,35,0.9972,33,0.59,9,6
83,0.61,0.3,21,0.084,11,50,0.9972,34,0.61,102,6
78,0.5,0.3,19,0.075,8,22,0.9959,331,0.56,104,6
81,0.545,0.18,19,0.08,13,35,0.9972,33,0.59,9,6
81,0.575,0.22,21,0.077,12,65,0.9967,329,0.51,92,5
72,0.49,0.24,22,0.07,5,36,0.996,333,0.48,94,5
81,0.575,0.22,21,0.077,12,65,0.9967,329,0.51,92,5
78,0.41,0.68,17,0.467,18,69,0.9973,308,1.31,93,5
62,0.63,0.31,17,0.088,15,64,0.9969,346,0.79,93,5
8,0.33,0.53,25,0.091,18,80,0.9976,337,0.8,96,6
81,0.785,0.52,2,0.122,37,153,0.9969,321,0.69,93,5
78,0.56,0.19,18,0.104,12,47,0.9964,319,0.93,95,5
84,0.62,0.09,22,0.084,11,108,0.9964,315,0.66,98,5
84,0.6,0.1,22,0.085,14,111,0.9964,315,0.66,98,5
101,0.31,0.44,23,0.08,22,46,0.9988,332,0.67,97,6
78,0.56,0.19,18,0.104,12,47,0.9964,319,0.93,95,5
94,0.4,0.31,22,0.09,13,62,0.9966,307,0.63,105,6
83,0.54,0.28,19,0.077,11,40,0.9978,339,0.61,10,6
78,0.56,0.12,2,0.082,7,28,0.997,337,0.5,94,6
88,0.55,0.04,22,0.119,14,56,0.9962,321,0.6,109,6
7,0.69,0.08,18,0.097,22,89,0.9959,334,0.54,92,6
73,1.07,0.09,17,0.178,10,89,0.9962,33,0.57,9,5
88,0.55,0.04,22,0.119,14,56,0.9962,321,0.6,109,6
73,0.695,0,25,0.075,3,13,0.998,349,0.52,92,5
8,0.71,0,26,0.08,11,34,0.9976,344,0.53,95,5
78,0.5,0.17,16,0.082,21,102,0.996,339,0.48,95,5
9,0.62,0.04,19,0.146,27,90,0.9984,316,0.7,94,5
82,1.33,0,17,0.081,3,12,0.9964,353,0.49,109,5
81,1.33,0,18,0.082,3,12,0.9964,354,0.48,109,5
8,0.59,0.16,18,0.065,3,16,0.9962,342,0.92,105,7
61,0.38,0.15,18,0.072,6,19,0.9955,342,0.57,94,5
8,0.745,0.56,2,0.118,30,134,0.9968,324,0.66,94,5
56,0.5,0.09,23,0.049,17,99,0.9937,363,0.63,13,5
56,0.5,0.09,23,0.049,17,99,0.9937,363,0.63,13,5
66,0.5,0.01,15,0.06,17,26,0.9952,34,0.58,98,6
79,1.04,0.05,22,0.084,13,29,0.9959,322,0.55,99,6
84,0.745,0.11,19,0.09,16,63,0.9965,319,0.82,96,5
83,0.715,0.15,18,0.089,10,52,0.9968,323,0.77,95,5
72,0.415,0.36,2,0.081,13,45,0.9972,348,0.64,92,5
78,0.56,0.19,21,0.081,15,105,0.9962,333,0.54,95,5
78,0.56,0.19,2,0.081,17,108,0.9962,332,0.54,95,5
84,0.745,0.11,19,0.09,16,63,0.9965,319,0.82,96,5
83,0.715,0.15,18,0.089,10,52,0.9968,323,0.77,95,5
52,0.34,0,18,0.05,27,63,0.9916,368,0.79,14,6
63,0.39,0.08,17,0.066,3,20,0.9954,334,0.58,94,5
52,0.34,0,18,0.05,27,63,0.9916,368,0.79,14,6
81,0.67,0.55,18,0.117,32,141,0.9968,317,0.62,94,5
58,0.68,0.02,18,0.087,21,94,0.9944,354,0.52,10,5
76,0.49,0.26,16,0.236,10,88,0.9968,311,0.8,93,5
69,0.49,0.1,23,0.074,12,30,0.9959,342,0.58,102,6
82,0.4,0.44,28,0.089,11,43,0.9975,353,0.61,105,6
73,0.33,0.47,21,0.077,5,11,0.9958,333,0.53,103,6
92,0.52,1,34,0.61,32,69,0.9996,274,2.0,94,4
75,0.6,0.03,18,0.095,25,99,0.995,335,0.54,101,5
75,0.6,0.03,18,0.095,25,99,0.995,335,0.54,101,5
71,0.43,0.42,55,0.07,29,129,0.9973,342,0.72,105,5
71,0.43,0.42,55,0.071,28,128,0.9973,342,0.71,105,5
71,0.43,0.42,55,0.07,29,129,0.9973,342,0.72,105,5
71,0.43,0.42,55,0.071,28,128,0.9973,342,0.71,105,5
71,0.68,0,22,0.073,12,22,0.9969,348,0.5,93,5
68,0.6,0.18,19,0.079,18,86,0.9968,359,0.57,93,6
76,0.95,0.03,2,0.09,7,20,0.9959,32,0.56,96,5
76,0.68,0.02,13,0.072,9,20,0.9965,317,1.08,92,4
78,0.53,0.04,17,0.076,17,31,0.9964,333,0.56,10,6
74,0.6,0.26,73,0.07,36,121,0.9982,337,0.49,94,5
73,0.59,0.26,72,0.07,35,121,0.9981,337,0.49,94,5
78,0.63,0.48,17,0.1,14,96,0.9961,319,0.62,95,5
68,0.64,0.1,21,0.085,18,101,0.9956,334,0.52,102,5
73,0.55,0.03,16,0.072,17,42,0.9956,337,0.48,9,4
68,0.63,0.07,21,0.089,11,44,0.9953,347,0.55,104,6
75,0.705,0.24,18,0.36,15,63,0.9964,3,1.59,95,5
79,0.885,0.03,18,0.058,4,8,0.9972,336,0.33,91,4
8,0.42,0.17,2,0.073,6,18,0.9972,329,0.61,92,6
8,0.42,0.17,2,0.073,6,18,0.9972,329,0.61,92,6
74,0.62,0.05,19,0.068,24,42,0.9961,342,0.57,115,6
73,0.38,0.21,2,0.08,7,35,0.9961,333,0.47,95,5
69,0.5,0.04,15,0.085,19,49,0.9958,335,0.78,95,5
73,0.38,0.21,2,0.08,7,35,0.9961,333,0.47,95,5
75,0.52,0.42,23,0.087,8,38,0.9972,358,0.61,105,6
7,0.805,0,25,0.068,7,20,0.9969,348,0.56,96,5
88,0.61,0.14,24,0.067,10,42,0.9969,319,0.59,95,5
88,0.61,0.14,24,0.067,10,42,0.9969,319,0.59,95,5
89,0.61,0.49,2,0.27,23,110,0.9972,312,1.02,93,5
72,0.73,0.02,25,0.076,16,42,0.9972,344,0.52,93,5
68,0.61,0.2,18,0.077,11,65,0.9971,354,0.58,93,5
67,0.62,0.21,19,0.079,8,62,0.997,352,0.58,93,6
89,0.31,0.57,2,0.111,26,85,0.9971,326,0.53,97,5
74,0.39,0.48,2,0.082,14,67,0.9972,334,0.55,92,5
77,0.705,0.1,26,0.084,9,26,0.9976,339,0.49,97,5
79,0.5,0.33,2,0.084,15,143,0.9968,32,0.55,95,5
79,0.49,0.32,19,0.082,17,144,0.9968,32,0.55,95,5
82,0.5,0.35,29,0.077,21,127,0.9976,323,0.62,94,5
64,0.37,0.25,19,0.074,21,49,0.9974,357,0.62,98,6
68,0.63,0.12,38,0.099,16,126,0.9969,328,0.61,95,5
76,0.55,0.21,22,0.071,7,28,0.9964,328,0.55,97,5
76,0.55,0.21,22,0.071,7,28,0.9964,328,0.55,97,5
78,0.59,0.33,2,0.074,24,120,0.9968,325,0.54,94,5
73,0.58,0.3,24,0.074,15,55,0.9968,346,0.59,102,5
115,0.3,0.6,2,0.067,12,27,0.9981,311,0.97,101,6
54,0.835,0.08,12,0.046,13,93,0.9924,357,0.85,13,7
69,1.09,0.06,21,0.061,12,31,0.9948,351,0.43,114,4
96,0.32,0.47,14,0.056,9,24,0.99695,322,0.82,103,7
88,0.37,0.48,21,0.097,39,145,0.9975,304,1.03,93,5
68,0.5,0.11,15,0.075,16,49,0.99545,336,0.79,95,5
7,0.42,0.35,16,0.088,16,39,0.9961,334,0.55,92,5
7,0.43,0.36,16,0.089,14,37,0.99615,334,0.56,92,6
128,0.3,0.74,26,0.095,9,28,0.9994,32,0.77,108,7
128,0.3,0.74,26,0.095,9,28,0.9994,32,0.77,108,7
78,0.57,0.31,18,0.069,26,120,0.99625,329,0.53,93,5
78,0.44,0.28,27,0.1,18,95,0.9966,322,0.67,94,5
11,0.3,0.58,21,0.054,7,19,0.998,331,0.88,105,7
97,0.53,0.6,2,0.039,5,19,0.99585,33,0.86,124,6
8,0.725,0.24,28,0.083,10,62,0.99685,335,0.56,10,6
116,0.44,0.64,21,0.059,5,15,0.998,321,0.67,102,6
82,0.57,0.26,22,0.06,28,65,0.9959,33,0.43,101,5
78,0.735,0.08,24,0.092,10,41,0.9974,324,0.71,98,6
7,0.49,0.49,56,0.06,26,121,0.9974,334,0.76,105,5
87,0.625,0.16,2,0.101,13,49,0.9962,314,0.57,11,5
81,0.725,0.22,22,0.072,11,41,0.9967,336,0.55,91,5
75,0.49,0.19,19,0.076,10,44,0.9957,339,0.54,97,5
78,0.53,0.33,24,0.08,24,144,0.99655,33,0.6,95,5
78,0.34,0.37,2,0.082,24,58,0.9964,334,0.59,94,6
74,0.53,0.26,2,0.101,16,72,0.9957,315,0.57,94,5
68,0.61,0.04,15,0.057,5,10,0.99525,342,0.6,95,5
86,0.645,0.25,2,0.083,8,28,0.99815,328,0.6,10,6
84,0.635,0.36,2,0.089,15,55,0.99745,331,0.57,104,4
77,0.43,0.25,26,0.073,29,63,0.99615,337,0.58,105,6
89,0.59,0.5,2,0.337,27,81,0.9964,304,1.61,95,6
9,0.82,0.14,26,0.089,9,23,0.9984,339,0.63,98,5
77,0.43,0.25,26,0.073,29,63,0.99615,337,0.58,105,6
69,0.52,0.25,26,0.081,10,37,0.99685,346,0.5,11,5
52,0.48,0.04,16,0.054,19,106,0.9927,354,0.62,122,7
8,0.38,0.06,18,0.078,12,49,0.99625,337,0.52,99,6
85,0.37,0.2,28,0.09,18,58,0.998,334,0.7,96,6
69,0.52,0.25,26,0.081,10,37,0.99685,346,0.5,11,5
82,1,0.09,23,0.065,7,37,0.99685,332,0.55,9,6
72,0.63,0,19,0.097,14,38,0.99675,337,0.58,9,6
72,0.63,0,19,0.097,14,38,0.99675,337,0.58,9,6
72,0.645,0,19,0.097,15,39,0.99675,337,0.58,92,6
72,0.63,0,19,0.097,14,38,0.99675,337,0.58,9,6
82,1,0.09,23,0.065,7,37,0.99685,332,0.55,9,6
89,0.635,0.37,17,0.263,5,62,0.9971,3,1.09,93,5
12,0.38,0.56,21,0.093,6,24,0.99925,314,0.71,109,6
77,0.58,0.1,18,0.102,28,109,0.99565,308,0.49,98,6
15,0.21,0.44,22,0.075,10,24,1.00005,307,0.84,92,7
15,0.21,0.44,22,0.075,10,24,1.00005,307,0.84,92,7
73,0.66,0,2,0.084,6,23,0.9983,361,0.96,99,6
71,0.68,0.07,19,0.075,16,51,0.99685,338,0.52,95,5
82,0.6,0.17,23,0.072,11,73,0.9963,32,0.45,93,5
77,0.53,0.06,17,0.074,9,39,0.99615,335,0.48,98,6
73,0.66,0,2,0.084,6,23,0.9983,361,0.96,99,6
108,0.32,0.44,16,0.063,16,37,0.9985,322,0.78,10,6
71,0.6,0,18,0.074,16,34,0.9972,347,0.7,99,6
111,0.35,0.48,31,0.09,5,21,0.9986,317,0.53,105,5
77,0.775,0.42,19,0.092,8,86,0.9959,323,0.59,95,5
71,0.6,0,18,0.074,16,34,0.9972,347,0.7,99,6
8,0.57,0.23,32,0.073,17,119,0.99675,326,0.57,93,5
94,0.34,0.37,22,0.075,5,13,0.998,322,0.62,92,5
66,0.695,0,21,0.075,12,56,0.9968,349,0.67,92,5
77,0.41,0.76,18,0.611,8,45,0.9968,306,1.26,94,5
10,0.31,0.47,26,0.085,14,33,0.99965,336,0.8,105,7
79,0.33,0.23,17,0.077,18,45,0.99625,329,0.65,93,5
7,0.975,0.04,2,0.087,12,67,0.99565,335,0.6,94,4
8,0.52,0.03,17,0.07,10,35,0.99575,334,0.57,10,5
79,0.37,0.23,18,0.077,23,49,0.9963,328,0.67,93,5
125,0.56,0.49,24,0.064,5,27,0.9999,308,0.87,109,5
118,0.26,0.52,18,0.071,6,10,0.9968,32,0.72,102,7
81,0.87,0,33,0.096,26,61,1.00025,36,0.72,98,4
79,0.35,0.46,36,0.078,15,37,0.9973,335,0.86,128,8
69,0.54,0.04,3,0.077,7,27,0.9987,369,0.91,94,6
115,0.18,0.51,4,0.104,4,23,0.9996,328,0.97,101,6
79,0.545,0.06,4,0.087,27,61,0.9965,336,0.67,107,6
115,0.18,0.51,4,0.104,4,23,0.9996,328,0.97,101,6
109,0.37,0.58,4,0.071,17,65,0.99935,322,0.78,101,5
84,0.715,0.2,24,0.076,10,38,0.99735,331,0.64,94,5
75,0.65,0.18,7,0.088,27,94,0.99915,338,0.77,94,5
79,0.545,0.06,4,0.087,27,61,0.9965,336,0.67,107,6
69,0.54,0.04,3,0.077,7,27,0.9987,369,0.91,94,6
115,0.18,0.51,4,0.104,4,23,0.9996,328,0.97,101,6
103,0.32,0.45,64,0.073,5,13,0.9976,323,0.82,126,8
89,0.4,0.32,56,0.087,10,47,0.9991,338,0.77,105,7
114,0.26,0.44,36,0.071,6,19,0.9986,312,0.82,93,6
77,0.27,0.68,35,0.358,5,10,0.9972,325,1.08,99,7
76,0.52,0.12,3,0.067,12,53,0.9971,336,0.57,91,5
89,0.4,0.32,56,0.087,10,47,0.9991,338,0.77,105,7
99,0.59,0.07,34,0.102,32,71,1.00015,331,0.71,98,5
99,0.59,0.07,34,0.102,32,71,1.00015,331,0.71,98,5
12,0.45,0.55,2,0.073,25,49,0.9997,31,0.76,103,6
75,0.4,0.12,3,0.092,29,53,0.9967,337,0.7,103,6
87,0.52,0.09,25,0.091,20,49,0.9976,334,0.86,106,7
116,0.42,0.53,33,0.105,33,98,1.001,32,0.95,92,5
87,0.52,0.09,25,0.091,20,49,0.9976,334,0.86,106,7
11,0.2,0.48,2,0.343,6,18,0.9979,33,0.71,105,5
104,0.55,0.23,27,0.091,18,48,0.9994,322,0.64,103,6
69,0.36,0.25,24,0.098,5,16,0.9964,341,0.6,101,6
133,0.34,0.52,32,0.094,17,53,1.0014,305,0.81,95,6
108,0.5,0.46,25,0.073,5,27,1.0001,305,0.64,95,5
106,0.83,0.37,26,0.086,26,70,0.9981,316,0.52,99,5
71,0.63,0.06,2,0.083,8,29,0.99855,367,0.73,96,5
72,0.65,0.02,23,0.094,5,31,0.9993,367,0.8,97,5
69,0.67,0.06,21,0.08,8,33,0.99845,368,0.71,96,5
75,0.53,0.06,26,0.086,20,44,0.9965,338,0.59,107,6
111,0.18,0.48,15,0.068,7,15,0.9973,322,0.64,101,6
83,0.705,0.12,26,0.092,12,28,0.9994,351,0.72,10,5
74,0.67,0.12,16,0.186,5,21,0.996,339,0.54,95,5
84,0.65,0.6,21,0.112,12,90,0.9973,32,0.52,92,5
103,0.53,0.48,25,0.063,6,25,0.9998,312,0.59,93,6
76,0.62,0.32,22,0.082,7,54,0.9966,336,0.52,94,5
103,0.41,0.42,24,0.213,6,14,0.9994,319,0.62,95,6
103,0.43,0.44,24,0.214,5,12,0.9994,319,0.63,95,6
74,0.29,0.38,17,0.062,9,30,0.9968,341,0.53,95,6
103,0.53,0.48,25,0.063,6,25,0.9998,312,0.59,93,6
79,0.53,0.24,2,0.072,15,105,0.996,327,0.54,94,6
9,0.46,0.31,28,0.093,19,98,0.99815,332,0.63,95,6
86,0.47,0.3,3,0.076,30,135,0.9976,33,0.53,94,5
74,0.36,0.29,26,0.087,26,72,0.99645,339,0.68,11,5
71,0.35,0.29,25,0.096,20,53,0.9962,342,0.65,11,6
96,0.56,0.23,34,0.102,37,92,0.9996,33,0.65,101,5
96,0.77,0.12,29,0.082,30,74,0.99865,33,0.64,104,6
98,0.66,0.39,32,0.083,21,59,0.9989,337,0.71,115,7
96,0.77,0.12,29,0.082,30,74,0.99865,33,0.64,104,6
98,0.66,0.39,32,0.083,21,59,0.9989,337,0.71,115,7
93,0.61,0.26,34,0.09,25,87,0.99975,324,0.62,97,5
78,0.62,0.05,23,0.079,6,18,0.99735,329,0.63,93,5
103,0.59,0.42,28,0.09,35,73,0.999,328,0.7,95,6
10,0.49,0.2,11,0.071,13,50,1.0015,316,0.69,92,6
10,0.49,0.2,11,0.071,13,50,1.0015,316,0.69,92,6
116,0.53,0.66,365,0.121,6,14,0.9978,305,0.74,115,7
103,0.44,0.5,45,0.107,5,13,0.998,328,0.83,115,5
134,0.27,0.62,26,0.082,6,21,1.0002,316,0.67,97,6
107,0.46,0.39,2,0.061,7,15,0.9981,318,0.62,95,5
102,0.36,0.64,29,0.122,10,41,0.998,323,0.66,125,6
102,0.36,0.64,29,0.122,10,41,0.998,323,0.66,125,6
8,0.58,0.28,32,0.066,21,114,0.9973,322,0.54,94,6
84,0.56,0.08,21,0.105,16,44,0.9958,313,0.52,11,5
79,0.65,0.01,25,0.078,17,38,0.9963,334,0.74,117,7
119,0.695,0.53,34,0.128,7,21,0.9992,317,0.84,122,7
89,0.43,0.45,19,0.052,6,16,0.9948,335,0.7,125,6
78,0.43,0.32,28,0.08,29,58,0.9974,331,0.64,103,5
124,0.49,0.58,3,0.103,28,99,1.0008,316,1,115,6
125,0.28,0.54,23,0.082,12,29,0.9997,311,1.36,98,7
122,0.34,0.5,24,0.066,10,21,1,312,1.18,92,6
106,0.42,0.48,27,0.065,5,18,0.9972,321,0.87,113,6
109,0.39,0.47,18,0.118,6,14,0.9982,33,0.75,98,6
109,0.39,0.47,18,0.118,6,14,0.9982,33,0.75,98,6
119,0.57,0.5,26,0.082,6,32,1.0006,312,0.78,107,6
7,0.685,0,19,0.067,40,63,0.9979,36,0.81,99,5
66,0.815,0.02,27,0.072,17,34,0.9955,358,0.89,123,7
138,0.49,0.67,3,0.093,6,15,0.9986,302,0.93,12,6
96,0.56,0.31,28,0.089,15,46,0.9979,311,0.92,10,6
91,0.785,0,26,0.093,11,28,0.9994,336,0.86,94,6
107,0.67,0.22,27,0.107,17,34,1.0004,328,0.98,99,6
91,0.795,0,26,0.096,11,26,0.9994,335,0.83,94,6
77,0.665,0,24,0.09,8,19,0.9974,327,0.73,93,5
135,0.53,0.79,48,0.12,23,77,1.0018,318,0.77,13,5
61,0.21,0.4,14,0.066,405,165,0.9912,325,0.59,119,6
67,0.75,0.01,24,0.078,17,32,0.9955,355,0.61,128,6
115,0.41,0.52,3,0.08,29,55,1.0001,326,0.88,11,5
105,0.42,0.66,295,0.116,12,29,0.997,324,0.75,117,7
119,0.43,0.66,31,0.109,10,23,1,315,0.85,104,7
126,0.38,0.66,26,0.088,10,41,1.001,317,0.68,98,6
82,0.7,0.23,2,0.099,14,81,0.9973,319,0.7,94,5
86,0.45,0.31,26,0.086,21,50,0.9982,337,0.91,99,6
119,0.58,0.66,25,0.072,6,37,0.9992,305,0.56,10,5
125,0.46,0.63,2,0.071,6,15,0.9988,299,0.87,102,5
128,0.615,0.66,58,0.083,7,42,1.0022,307,0.73,10,7
10,0.42,0.5,34,0.107,7,21,0.9979,326,0.93,118,6
128,0.615,0.66,58,0.083,7,42,1.0022,307,0.73,10,7
104,0.575,0.61,26,0.076,11,24,1,316,0.69,9,5
103,0.34,0.52,28,0.159,15,75,0.9998,318,0.64,94,5
94,0.27,0.53,24,0.074,6,18,0.9962,32,1.13,12,7
69,0.765,0.02,23,0.063,35,63,0.9975,357,0.78,99,5
79,0.24,0.4,16,0.056,11,25,0.9967,332,0.87,87,6
91,0.28,0.48,18,0.067,26,46,0.9967,332,1.04,106,6
74,0.55,0.22,22,0.106,12,72,0.9959,305,0.63,92,5
14,0.41,0.63,38,0.089,6,47,1.0014,301,0.81,108,6
115,0.54,0.71,44,0.124,6,15,0.9984,301,0.83,118,7
115,0.45,0.5,3,0.078,19,47,1.0003,326,1.11,11,6
94,0.27,0.53,24,0.074,6,18,0.9962,32,1.13,12,7
114,0.625,0.66,62,0.088,6,24,0.9988,311,0.99,133,6
83,0.42,0.38,25,0.094,24,60,0.9979,331,0.7,108,6
83,0.26,0.42,2,0.08,11,27,0.9974,321,0.8,94,6
137,0.415,0.68,29,0.085,17,43,1.0014,306,0.8,10,6
83,0.26,0.42,2,0.08,11,27,0.9974,321,0.8,94,6
83,0.26,0.42,2,0.08,11,27,0.9974,321,0.8,94,6
77,0.51,0.28,21,0.087,23,54,0.998,342,0.74,92,5
74,0.63,0.07,24,0.09,11,37,0.9979,343,0.76,97,6
78,0.54,0.26,2,0.088,23,48,0.9981,341,0.74,92,6
83,0.66,0.15,19,0.079,17,42,0.9972,331,0.54,96,6
78,0.46,0.26,19,0.088,23,53,0.9981,343,0.74,92,6
96,0.38,0.31,25,0.096,16,49,0.9982,319,0.7,10,7
56,0.85,0.05,14,0.045,12,88,0.9924,356,0.82,129,8
137,0.415,0.68,29,0.085,17,43,1.0014,306,0.8,10,6
95,0.37,0.52,2,0.082,6,26,0.998,318,0.51,95,5
84,0.665,0.61,2,0.112,13,95,0.997,316,0.54,91,5
127,0.6,0.65,23,0.063,6,25,0.9997,303,0.57,99,5
12,0.37,0.76,42,0.066,7,38,1.0004,322,0.6,13,7
66,0.735,0.02,79,0.122,68,124,0.9994,347,0.53,99,5
115,0.59,0.59,26,0.087,13,49,0.9988,318,0.65,11,6
115,0.59,0.59,26,0.087,13,49,0.9988,318,0.65,11,6
87,0.765,0.22,23,0.064,9,42,0.9963,31,0.55,94,5
66,0.735,0.02,79,0.122,68,124,0.9994,347,0.53,99,5
77,0.26,0.3,17,0.059,20,38,0.9949,329,0.47,108,6
122,0.48,0.54,26,0.085,19,64,1,31,0.61,105,6
114,0.6,0.49,27,0.085,10,41,0.9994,315,0.63,105,6
77,0.69,0.05,27,0.075,15,27,0.9974,326,0.61,91,5
87,0.31,0.46,14,0.059,11,25,0.9966,336,0.76,101,6
98,0.44,0.47,25,0.063,9,28,0.9981,324,0.65,108,6
12,0.39,0.66,3,0.093,12,30,0.9996,318,0.63,108,7
104,0.34,0.58,37,0.174,6,16,0.997,319,0.7,113,6
125,0.46,0.49,45,0.07,26,49,0.9981,305,0.57,96,4
9,0.43,0.34,25,0.08,26,86,0.9987,338,0.62,95,6
91,0.45,0.35,24,0.08,23,78,0.9987,338,0.62,95,5
71,0.735,0.16,19,0.1,15,77,0.9966,327,0.64,93,5
99,0.4,0.53,67,0.097,6,19,0.9986,327,0.82,117,7
88,0.52,0.34,27,0.087,24,122,0.9982,326,0.61,95,5
86,0.725,0.24,66,0.117,31,134,1.0014,332,1.07,93,5
106,0.48,0.64,22,0.111,6,20,0.997,326,0.66,117,6
7,0.58,0.12,19,0.091,34,124,0.9956,344,0.48,105,5
119,0.38,0.51,2,0.121,7,20,0.9996,324,0.76,104,6
68,0.77,0,18,0.066,34,52,0.9976,362,0.68,99,5
95,0.56,0.33,24,0.089,35,67,0.9972,328,0.73,118,7
66,0.84,0.03,23,0.059,32,48,0.9952,352,0.56,123,7
77,0.96,0.2,2,0.047,15,60,0.9955,336,0.44,109,5
105,0.24,0.47,21,0.066,6,24,0.9978,315,0.9,11,7
77,0.96,0.2,2,0.047,15,60,0.9955,336,0.44,109,5
66,0.84,0.03,23,0.059,32,48,0.9952,352,0.56,123,7
64,0.67,0.08,21,0.045,19,48,0.9949,349,0.49,114,6
95,0.78,0.22,19,0.077,6,32,0.9988,326,0.56,106,6
91,0.52,0.33,13,0.07,9,30,0.9978,324,0.6,93,5
128,0.84,0.63,24,0.088,13,35,0.9997,31,0.6,104,6
105,0.24,0.47,21,0.066,6,24,0.9978,315,0.9,11,7
78,0.55,0.35,22,0.074,21,66,0.9974,325,0.56,92,5
119,0.37,0.69,23,0.078,12,24,0.9958,3,0.65,128,6
123,0.39,0.63,23,0.091,6,18,1.0004,316,0.49,95,5
104,0.41,0.55,32,0.076,22,54,0.9996,315,0.89,99,6
123,0.39,0.63,23,0.091,6,18,1.0004,316,0.49,95,5
8,0.67,0.3,2,0.06,38,62,0.9958,326,0.56,102,6
111,0.45,0.73,32,0.066,6,22,0.9986,317,0.66,112,6
104,0.41,0.55,32,0.076,22,54,0.9996,315,0.89,99,6
7,0.62,0.18,15,0.062,7,50,0.9951,308,0.6,93,5
126,0.31,0.72,22,0.072,6,29,0.9987,288,0.82,98,8
119,0.4,0.65,215,0.068,7,27,0.9988,306,0.68,113,6
156,0.685,0.76,37,0.1,6,43,1.0032,295,0.68,112,7
10,0.44,0.49,27,0.077,11,19,0.9963,323,0.63,116,7
53,0.57,0.01,17,0.054,5,27,0.9934,357,0.84,125,7
95,0.735,0.1,21,0.079,6,31,0.9986,323,0.56,101,6
125,0.38,0.6,26,0.081,31,72,0.9996,31,0.73,105,5
93,0.48,0.29,21,0.127,6,16,0.9968,322,0.72,112,5
86,0.53,0.22,2,0.1,7,27,0.9967,32,0.56,102,6
119,0.39,0.69,28,0.095,17,35,0.9994,31,0.61,108,6
119,0.39,0.69,28,0.095,17,35,0.9994,31,0.61,108,6
84,0.37,0.53,18,0.413,9,26,0.9979,306,1.06,91,6
68,0.56,0.03,17,0.084,18,35,0.9968,344,0.63,10,6
104,0.33,0.63,28,0.084,5,22,0.9998,326,0.74,112,7
7,0.23,0.4,16,0.063,21,67,0.9952,35,0.63,111,5
113,0.62,0.67,52,0.086,6,19,0.9988,322,0.69,134,8
89,0.59,0.39,23,0.095,5,22,0.9986,337,0.58,103,5
92,0.63,0.21,27,0.097,29,65,0.9988,328,0.58,96,5
104,0.33,0.63,28,0.084,5,22,0.9998,326,0.74,112,7
116,0.58,0.66,22,0.074,10,47,1.0008,325,0.57,9,3
92,0.43,0.52,23,0.083,14,23,0.9976,335,0.61,113,6
83,0.615,0.22,26,0.087,6,19,0.9982,326,0.61,93,5
11,0.26,0.68,255,0.085,10,25,0.997,318,0.61,118,5
81,0.66,0.7,22,0.098,25,129,0.9972,308,0.53,9,5
115,0.315,0.54,21,0.084,5,15,0.9987,298,0.7,92,6
10,0.29,0.4,29,0.098,10,26,1.0006,348,0.91,97,5
103,0.5,0.42,2,0.069,21,51,0.9982,316,0.72,115,6
88,0.46,0.45,26,0.065,7,18,0.9947,332,0.79,14,6
114,0.36,0.69,21,0.09,6,21,1,317,0.62,92,6
87,0.82,0.02,12,0.07,36,48,0.9952,32,0.58,98,5
13,0.32,0.65,26,0.093,15,47,0.9996,305,0.61,106,5
96,0.54,0.42,24,0.081,25,52,0.997,32,0.71,114,6
125,0.37,0.55,26,0.083,25,68,0.9995,315,0.82,104,6
99,0.35,0.55,21,0.062,5,14,0.9971,326,0.79,106,5
105,0.28,0.51,17,0.08,10,24,0.9982,32,0.89,94,6
96,0.68,0.24,22,0.087,5,28,0.9988,314,0.6,102,5
93,0.27,0.41,2,0.091,6,16,0.998,328,0.7,97,5
104,0.24,0.49,18,0.075,6,20,0.9977,318,1.06,11,6
96,0.68,0.24,22,0.087,5,28,0.9988,314,0.6,102,5
94,0.685,0.11,27,0.077,6,31,0.9984,319,0.7,101,6
106,0.28,0.39,155,0.069,6,23,1.0026,312,0.66,92,5
94,0.3,0.56,28,0.08,6,17,0.9964,315,0.92,117,8
106,0.36,0.59,22,0.152,6,18,0.9986,304,1.05,94,5
106,0.36,0.6,22,0.152,7,18,0.9986,304,1.06,94,5
106,0.44,0.68,41,0.114,6,24,0.997,306,0.66,134,6
102,0.67,0.39,19,0.054,6,17,0.9976,317,0.47,10,5
102,0.67,0.39,19,0.054,6,17,0.9976,317,0.47,10,5
102,0.645,0.36,18,0.053,5,14,0.9982,317,0.42,10,6
116,0.32,0.55,28,0.081,35,67,1.0002,332,0.92,108,7
93,0.39,0.4,26,0.073,10,26,0.9984,334,0.75,102,6
93,0.775,0.27,28,0.078,24,56,0.9984,331,0.67,106,6
92,0.41,0.5,25,0.055,12,25,0.9952,334,0.79,133,7
89,0.4,0.51,26,0.052,13,27,0.995,332,0.9,134,7
87,0.69,0.31,3,0.086,23,81,1.0002,348,0.74,116,6
65,0.39,0.23,83,0.051,28,91,0.9952,344,0.55,121,6
107,0.35,0.53,26,0.07,5,16,0.9972,315,0.65,11,8
78,0.52,0.25,19,0.081,14,38,0.9984,343,0.65,9,6
72,0.34,0.32,25,0.09,43,113,0.9966,332,0.79,111,5
107,0.35,0.53,26,0.07,5,16,0.9972,315,0.65,11,8
87,0.69,0.31,3,0.086,23,81,1.0002,348,0.74,116,6
78,0.52,0.25,19,0.081,14,38,0.9984,343,0.65,9,6
104,0.44,0.73,655,0.074,38,76,0.999,317,0.85,12,7
104,0.44,0.73,655,0.074,38,76,0.999,317,0.85,12,7
105,0.26,0.47,19,0.078,6,24,0.9976,318,1.04,109,7
105,0.24,0.42,18,0.077,6,22,0.9976,321,1.05,108,7
102,0.49,0.63,29,0.072,10,26,0.9968,316,0.78,125,7
104,0.24,0.46,18,0.075,6,21,0.9976,325,1.02,108,7
112,0.67,0.55,23,0.084,6,13,1,317,0.71,95,6
10,0.59,0.31,22,0.09,26,62,0.9994,318,0.63,102,6
133,0.29,0.75,28,0.084,23,43,0.9986,304,0.68,114,7
124,0.42,0.49,46,0.073,19,43,0.9978,302,0.61,95,5
10,0.59,0.31,22,0.09,26,62,0.9994,318,0.63,102,6
107,0.4,0.48,21,0.125,15,49,0.998,303,0.81,97,6
105,0.51,0.64,24,0.107,6,15,0.9973,309,0.66,118,7
105,0.51,0.64,24,0.107,6,15,0.9973,309,0.66,118,7
85,0.655,0.49,61,0.122,34,151,1.001,331,1.14,93,5
125,0.6,0.49,43,0.1,5,14,1.001,325,0.74,119,6
104,0.61,0.49,21,0.2,5,16,0.9994,316,0.63,84,3
109,0.21,0.49,28,0.088,11,32,0.9972,322,0.68,117,6
73,0.365,0.49,25,0.088,39,106,0.9966,336,0.78,11,5
98,0.25,0.49,27,0.088,15,33,0.9982,342,0.9,10,6
76,0.41,0.49,2,0.088,16,43,0.998,348,0.64,91,5
82,0.39,0.49,23,0.099,47,133,0.9979,338,0.99,98,5
93,0.4,0.49,25,0.085,38,142,0.9978,322,0.55,94,5
92,0.43,0.49,24,0.086,23,116,0.9976,323,0.64,95,5
104,0.64,0.24,28,0.105,29,53,0.9998,324,0.67,99,5
73,0.365,0.49,25,0.088,39,106,0.9966,336,0.78,11,5
7,0.38,0.49,25,0.097,33,85,0.9962,339,0.77,114,6
82,0.42,0.49,26,0.084,32,55,0.9988,334,0.75,87,6
99,0.63,0.24,24,0.077,6,33,0.9974,309,0.57,94,5
91,0.22,0.24,21,0.078,1,28,0.999,341,0.87,103,6
119,0.38,0.49,27,0.098,12,42,1.0004,316,0.61,103,5
119,0.38,0.49,27,0.098,12,42,1.0004,316,0.61,103,5
103,0.27,0.24,21,0.072,15,33,0.9956,322,0.66,128,6
10,0.48,0.24,27,0.102,13,32,1,328,0.56,10,6
91,0.22,0.24,21,0.078,1,28,0.999,341,0.87,103,6
99,0.63,0.24,24,0.077,6,33,0.9974,309,0.57,94,5
81,0.825,0.24,21,0.084,5,13,0.9972,337,0.77,107,6
129,0.35,0.49,58,0.066,5,35,1.0014,32,0.66,12,7
112,0.5,0.74,515,0.1,5,17,0.9996,322,0.62,112,5
92,0.59,0.24,33,0.101,20,47,0.9988,326,0.67,96,5
95,0.46,0.49,63,0.064,5,17,0.9988,321,0.73,11,6
93,0.715,0.24,21,0.07,5,20,0.9966,312,0.59,99,5
112,0.66,0.24,25,0.085,16,53,0.9993,306,0.72,11,6
143,0.31,0.74,18,0.075,6,15,1.0008,286,0.79,84,6
91,0.47,0.49,26,0.094,38,106,0.9982,308,0.59,91,5
75,0.55,0.24,2,0.078,10,28,0.9983,345,0.78,95,6
106,0.31,0.49,25,0.067,6,21,0.9987,326,0.86,107,6
124,0.35,0.49,26,0.079,27,69,0.9994,312,0.75,104,6
9,0.53,0.49,19,0.171,6,25,0.9975,327,0.61,94,6
68,0.51,0.01,21,0.074,9,25,0.9958,333,0.56,95,6
94,0.43,0.24,28,0.092,14,45,0.998,319,0.73,10,6
95,0.46,0.24,27,0.092,14,44,0.998,312,0.74,10,6
5,1.04,0.24,16,0.05,32,96,0.9934,374,0.62,115,5
155,0.645,0.49,42,0.095,10,23,1.00315,292,0.74,111,5
155,0.645,0.49,42,0.095,10,23,1.00315,292,0.74,111,5
109,0.53,0.49,46,0.118,10,17,1.0002,307,0.56,117,6
156,0.645,0.49,42,0.095,10,23,1.00315,292,0.74,111,5
109,0.53,0.49,46,0.118,10,17,1.0002,307,0.56,117,6
13,0.47,0.49,43,0.085,6,47,1.0021,33,0.68,127,6
127,0.6,0.49,28,0.075,5,19,0.9994,314,0.57,114,5
9,0.44,0.49,24,0.078,26,121,0.9978,323,0.58,92,5
9,0.54,0.49,29,0.094,41,110,0.9982,308,0.61,92,5
76,0.29,0.49,27,0.092,25,60,0.9971,331,0.61,101,6
13,0.47,0.49,43,0.085,6,47,1.0021,33,0.68,127,6
127,0.6,0.49,28,0.075,5,19,0.9994,314,0.57,114,5
87,0.7,0.24,25,0.226,5,15,0.9991,332,0.6,9,6
87,0.7,0.24,25,0.226,5,15,0.9991,332,0.6,9,6
98,0.5,0.49,26,0.25,5,20,0.999,331,0.79,107,6
62,0.36,0.24,22,0.095,19,42,0.9946,357,0.57,117,6
115,0.35,0.49,33,0.07,10,37,1.0003,332,0.91,11,6
62,0.36,0.24,22,0.095,19,42,0.9946,357,0.57,117,6
102,0.24,0.49,24,0.075,10,28,0.9978,314,0.61,104,5
105,0.59,0.49,21,0.07,14,47,0.9991,33,0.56,96,4
106,0.34,0.49,32,0.078,20,78,0.9992,319,0.7,10,6
123,0.27,0.49,31,0.079,28,46,0.9993,32,0.8,102,6
99,0.5,0.24,23,0.103,6,14,0.9978,334,0.52,10,4
88,0.44,0.49,28,0.083,18,111,0.9982,33,0.6,95,5
88,0.47,0.49,29,0.085,17,110,0.9982,329,0.6,98,5
106,0.31,0.49,22,0.063,18,40,0.9976,314,0.51,98,6
123,0.5,0.49,22,0.089,5,14,1.0002,319,0.44,96,5
123,0.5,0.49,22,0.089,5,14,1.0002,319,0.44,96,5
117,0.49,0.49,22,0.083,5,15,1,319,0.43,92,5
12,0.28,0.49,19,0.074,10,21,0.9976,298,0.66,99,7
118,0.33,0.49,34,0.093,54,80,1.0002,33,0.76,107,7
76,0.51,0.24,24,0.091,8,38,0.998,347,0.66,96,6
111,0.31,0.49,27,0.094,16,47,0.9986,312,1.02,106,7
73,0.73,0.24,19,0.108,18,102,0.9967,326,0.59,93,5
5,0.42,0.24,2,0.06,19,50,0.9917,372,0.74,14,8
102,0.29,0.49,26,0.059,5,13,0.9976,305,0.74,105,7
9,0.45,0.49,26,0.084,21,75,0.9987,335,0.57,97,5
66,0.39,0.49,17,0.07,23,149,0.9922,312,0.5,115,6
9,0.45,0.49,26,0.084,21,75,0.9987,335,0.57,97,5
99,0.49,0.58,35,0.094,9,43,1.0004,329,0.58,9,5
79,0.72,0.17,26,0.096,20,38,0.9978,34,0.53,95,5
89,0.595,0.41,79,0.086,30,109,0.9998,327,0.57,93,5
124,0.4,0.51,2,0.059,6,24,0.9994,304,0.6,93,6
119,0.58,0.58,19,0.071,5,18,0.998,309,0.63,10,6
85,0.585,0.18,21,0.078,5,30,0.9967,32,0.48,98,6
127,0.59,0.45,23,0.082,11,22,1,3,0.7,93,6
82,0.915,0.27,21,0.088,7,23,0.9962,326,0.47,10,4
132,0.46,0.52,22,0.071,12,35,1.0006,31,0.56,9,6
77,0.835,0,26,0.081,6,14,0.9975,33,0.52,93,5
132,0.46,0.52,22,0.071,12,35,1.0006,31,0.56,9,6
83,0.58,0.13,29,0.096,14,63,0.9984,317,0.62,91,6
83,0.6,0.13,26,0.085,6,24,0.9984,331,0.59,92,6
94,0.41,0.48,46,0.072,10,20,0.9973,334,0.79,122,7
88,0.48,0.41,33,0.092,26,52,0.9982,331,0.53,105,6
101,0.65,0.37,51,0.11,11,65,1.0026,332,0.64,104,6
63,0.36,0.19,32,0.075,15,39,0.9956,356,0.52,127,6
88,0.24,0.54,25,0.083,25,57,0.9983,339,0.54,92,5
132,0.38,0.55,27,0.081,5,16,1.0006,298,0.54,94,5
75,0.64,0,24,0.077,18,29,0.9965,332,0.6,10,6
82,0.39,0.38,15,0.058,10,29,0.9962,326,0.74,98,5
92,0.755,0.18,22,0.148,10,103,0.9969,287,1.36,102,6
96,0.6,0.5,23,0.079,28,71,0.9997,35,0.57,97,5
96,0.6,0.5,23,0.079,28,71,0.9997,35,0.57,97,5
115,0.31,0.51,22,0.079,14,28,0.9982,303,0.93,98,6
114,0.46,0.5,27,0.122,4,17,1.0006,313,0.7,102,5
113,0.37,0.41,23,0.088,6,16,0.9988,309,0.8,93,5
83,0.54,0.24,34,0.076,16,112,0.9976,327,0.61,94,5
82,0.56,0.23,34,0.078,14,104,0.9976,328,0.62,94,5
10,0.58,0.22,19,0.08,9,32,0.9974,313,0.55,95,5
79,0.51,0.25,29,0.077,21,45,0.9974,349,0.96,121,6
68,0.69,0,56,0.124,21,58,0.9997,346,0.72,102,5
68,0.69,0,56,0.124,21,58,0.9997,346,0.72,102,5
88,0.6,0.29,22,0.098,5,15,0.9988,336,0.49,91,5
88,0.6,0.29,22,0.098,5,15,0.9988,336,0.49,91,5
87,0.54,0.26,25,0.097,7,31,0.9976,327,0.6,93,6
76,0.685,0.23,23,0.111,20,84,0.9964,321,0.61,93,5
87,0.54,0.26,25,0.097,7,31,0.9976,327,0.6,93,6
104,0.28,0.54,27,0.105,5,19,0.9988,325,0.63,95,5
76,0.41,0.14,3,0.087,21,43,0.9964,332,0.57,105,6
101,0.935,0.22,34,0.105,11,86,1.001,343,0.64,113,4
79,0.35,0.21,19,0.073,46,102,0.9964,327,0.58,95,5
87,0.84,0,14,0.065,24,33,0.9954,327,0.55,97,5
96,0.88,0.28,24,0.086,30,147,0.9979,324,0.53,94,5
95,0.885,0.27,23,0.084,31,145,0.9978,324,0.53,94,5
77,0.915,0.12,22,0.143,7,23,0.9964,335,0.65,102,7
89,0.29,0.35,19,0.067,25,57,0.997,318,1.36,103,6
99,0.54,0.45,23,0.071,16,40,0.9991,339,0.62,94,5
95,0.59,0.44,23,0.071,21,68,0.9992,346,0.63,95,5
99,0.54,0.45,23,0.071,16,40,0.9991,339,0.62,94,5
95,0.59,0.44,23,0.071,21,68,0.9992,346,0.63,95,5
99,0.54,0.45,23,0.071,16,40,0.9991,339,0.62,94,5
78,0.64,0.1,6,0.115,5,11,0.9984,337,0.69,101,7
73,0.67,0.05,36,0.107,6,20,0.9972,34,0.63,101,5
83,0.845,0.01,22,0.07,5,14,0.9967,332,0.58,11,4
87,0.48,0.3,28,0.066,10,28,0.9964,333,0.67,112,7
67,0.42,0.27,86,0.068,24,148,0.9948,316,0.57,113,6
107,0.43,0.39,22,0.106,8,32,0.9986,289,0.5,96,5
98,0.88,0.25,25,0.104,35,155,1.001,341,0.67,112,5
159,0.36,0.65,75,0.096,22,71,0.9976,298,0.84,149,5
94,0.33,0.59,28,0.079,9,30,0.9976,312,0.54,12,6
86,0.47,0.47,24,0.074,7,29,0.9979,308,0.46,95,5
97,0.55,0.17,29,0.087,20,53,1.0004,314,0.61,94,5
107,0.43,0.39,22,0.106,8,32,0.9986,289,0.5,96,5
12,0.5,0.59,14,0.073,23,42,0.998,292,0.68,105,7
72,0.52,0.07,14,0.074,5,20,0.9973,332,0.81,96,6
71,0.84,0.02,44,0.096,5,13,0.997,341,0.57,11,4
72,0.52,0.07,14,0.074,5,20,0.9973,332,0.81,96,6
75,0.42,0.31,16,0.08,15,42,0.9978,331,0.64,9,5
72,0.57,0.06,16,0.076,9,27,0.9972,336,0.7,96,6
101,0.28,0.46,18,0.05,5,13,0.9974,304,0.79,102,6
121,0.4,0.52,2,0.092,15,54,1,303,0.66,102,5
94,0.59,0.14,2,0.084,25,48,0.9981,314,0.56,97,5
83,0.49,0.36,18,0.222,6,16,0.998,318,0.6,95,6
113,0.34,0.45,2,0.082,6,15,0.9988,294,0.66,92,6
10,0.73,0.43,23,0.059,15,31,0.9966,315,0.57,11,5
113,0.34,0.45,2,0.082,6,15,0.9988,294,0.66,92,6
69,0.4,0.24,25,0.083,30,45,0.9959,326,0.58,10,5
82,0.73,0.21,17,0.074,5,13,0.9968,32,0.52,95,5
98,1.24,0.34,2,0.079,32,151,0.998,315,0.53,95,5
82,0.73,0.21,17,0.074,5,13,0.9968,32,0.52,95,5
108,0.4,0.41,22,0.084,7,17,0.9984,308,0.67,93,6
93,0.41,0.39,22,0.064,12,31,0.9984,326,0.65,102,5
108,0.4,0.41,22,0.084,7,17,0.9984,308,0.67,93,6
86,0.8,0.11,23,0.084,12,31,0.9979,34,0.48,99,5
83,0.78,0.1,26,0.081,45,87,0.9983,348,0.53,10,5
108,0.26,0.45,33,0.06,20,49,0.9972,313,0.54,96,5
133,0.43,0.58,19,0.07,15,40,1.0004,306,0.49,9,5
8,0.45,0.23,22,0.094,16,29,0.9962,321,0.49,102,6
85,0.46,0.31,225,0.078,32,58,0.998,333,0.54,98,5
81,0.78,0.23,26,0.059,5,15,0.997,337,0.56,113,5
98,0.98,0.32,23,0.078,35,152,0.998,325,0.48,94,5
81,0.78,0.23,26,0.059,5,15,0.997,337,0.56,113,5
71,0.65,0.18,18,0.07,13,40,0.997,344,0.6,91,5
91,0.64,0.23,31,0.095,13,38,0.9998,328,0.59,97,5
77,0.66,0.04,16,0.039,4,9,0.9962,34,0.47,94,5
81,0.38,0.48,18,0.157,5,17,0.9976,33,1.05,94,5
74,1.185,0,425,0.097,5,14,0.9966,363,0.54,107,3
92,0.92,0.24,26,0.087,12,93,0.9998,348,0.54,98,5
86,0.49,0.51,2,0.422,16,62,0.9979,303,1.17,9,5
9,0.48,0.32,28,0.084,21,122,0.9984,332,0.62,94,5
9,0.47,0.31,27,0.084,24,125,0.9984,331,0.61,94,5
51,0.47,0.02,13,0.034,18,44,0.9921,39,0.62,128,6
7,0.65,0.02,21,0.066,8,25,0.9972,347,0.67,95,6
7,0.65,0.02,21,0.066,8,25,0.9972,347,0.67,95,6
94,0.615,0.28,32,0.087,18,72,1.0001,331,0.53,97,5
118,0.38,0.55,21,0.071,5,19,0.9986,311,0.62,108,6
106,1.02,0.43,29,0.076,26,88,0.9984,308,0.57,101,6
7,0.65,0.02,21,0.066,8,25,0.9972,347,0.67,95,6
7,0.64,0.02,21,0.067,9,23,0.997,347,0.67,94,6
75,0.38,0.48,26,0.073,22,84,0.9972,332,0.7,96,4
91,0.765,0.04,16,0.078,4,14,0.998,329,0.54,97,4
84,1.035,0.15,6,0.073,11,54,0.999,337,0.49,99,5
7,0.78,0.08,2,0.093,10,19,0.9956,34,0.47,10,5
74,0.49,0.19,3,0.077,16,37,0.9966,337,0.51,105,5
78,0.545,0.12,25,0.068,11,35,0.996,334,0.61,116,6
97,0.31,0.47,16,0.062,13,33,0.9983,327,0.66,10,6
106,1.025,0.43,28,0.08,21,84,0.9985,306,0.57,101,5
89,0.565,0.34,3,0.093,16,112,0.9998,338,0.61,95,5
87,0.69,0,32,0.084,13,33,0.9992,336,0.45,94,5
8,0.43,0.36,23,0.075,10,48,0.9976,334,0.46,94,5
99,0.74,0.28,26,0.078,21,77,0.998,328,0.51,98,5
72,0.49,0.18,27,0.069,13,34,0.9967,329,0.48,92,6
8,0.43,0.36,23,0.075,10,48,0.9976,334,0.46,94,5
76,0.46,0.11,26,0.079,12,49,0.9968,321,0.57,10,5
84,0.56,0.04,2,0.082,10,22,0.9976,322,0.44,96,5
71,0.66,0,39,0.086,17,45,0.9976,346,0.54,95,5
84,0.56,0.04,2,0.082,10,22,0.9976,322,0.44,96,5
89,0.48,0.24,285,0.094,35,106,0.9982,31,0.53,92,5
76,0.42,0.08,27,0.084,15,48,0.9968,321,0.59,10,5
71,0.31,0.3,22,0.053,36,127,0.9965,294,1.62,95,5
75,1.115,0.1,31,0.086,5,12,0.9958,354,0.6,112,4
9,0.66,0.17,3,0.077,5,13,0.9976,329,0.55,104,5
81,0.72,0.09,28,0.084,18,49,0.9994,343,0.72,111,6
64,0.57,0.02,18,0.067,4,11,0.997,346,0.68,95,5
64,0.57,0.02,18,0.067,4,11,0.997,346,0.68,95,5
64,0.865,0.03,32,0.071,27,58,0.995,361,0.49,127,6
95,0.55,0.66,23,0.387,12,37,0.9982,317,0.67,96,5
89,0.875,0.13,345,0.088,4,14,0.9994,344,0.52,115,5
73,0.835,0.03,21,0.092,10,19,0.9966,339,0.47,96,5
7,0.45,0.34,27,0.082,16,72,0.998,355,0.6,95,5
77,0.56,0.2,2,0.075,9,39,0.9987,348,0.62,93,5
77,0.965,0.1,21,0.112,11,22,0.9963,326,0.5,95,5
77,0.965,0.1,21,0.112,11,22,0.9963,326,0.5,95,5
82,0.59,0,25,0.093,19,58,1.0002,35,0.65,93,6
9,0.46,0.23,28,0.092,28,104,0.9983,31,0.56,92,5
9,0.69,0,24,0.088,19,38,0.999,335,0.6,93,5
83,0.76,0.29,42,0.075,12,16,0.9965,345,0.68,115,6
92,0.53,0.24,26,0.078,28,139,0.99788,321,0.57,95,5
65,0.615,0,19,0.065,9,18,0.9972,346,0.65,92,5
116,0.41,0.58,28,0.096,25,101,1.00024,313,0.53,10,5
111,0.39,0.54,27,0.095,21,101,1.0001,313,0.51,95,5
73,0.51,0.18,21,0.07,12,28,0.99768,352,0.73,95,6
82,0.34,0.38,25,0.08,12,57,0.9978,33,0.47,9,6
86,0.33,0.4,26,0.083,16,68,0.99782,33,0.48,94,5
72,0.5,0.18,21,0.071,12,31,0.99761,352,0.72,96,6
73,0.51,0.18,21,0.07,12,28,0.99768,352,0.73,95,6
83,0.65,0.1,29,0.089,17,40,0.99803,329,0.55,95,5
83,0.65,0.1,29,0.089,17,40,0.99803,329,0.55,95,5
76,0.54,0.13,25,0.097,24,66,0.99785,339,0.61,94,5
83,0.65,0.1,29,0.089,17,40,0.99803,329,0.55,95,5
78,0.48,0.68,17,0.415,14,32,0.99656,309,1.06,91,6
78,0.91,0.07,19,0.058,22,47,0.99525,351,0.43,107,6
63,0.98,0.01,2,0.057,15,33,0.99488,36,0.46,112,6
81,0.87,0,22,0.084,10,31,0.99656,325,0.5,98,5
81,0.87,0,22,0.084,10,31,0.99656,325,0.5,98,5
88,0.42,0.21,25,0.092,33,88,0.99823,319,0.52,92,5
9,0.58,0.25,28,0.075,9,104,0.99779,323,0.57,97,5
93,0.655,0.26,2,0.096,5,35,0.99738,325,0.42,96,5
88,0.7,0,17,0.069,8,19,0.99701,331,0.53,10,6
93,0.655,0.26,2,0.096,5,35,0.99738,325,0.42,96,5
91,0.68,0.11,28,0.093,11,44,0.99888,331,0.55,95,6
92,0.67,0.1,3,0.091,12,48,0.99888,331,0.54,95,6
88,0.59,0.18,29,0.089,12,74,0.99738,314,0.54,94,5
75,0.6,0.32,27,0.103,13,98,0.99938,345,0.62,95,5
71,0.59,0.02,23,0.082,24,94,0.99744,355,0.53,97,6
79,0.72,0.01,19,0.076,7,32,0.99668,339,0.54,96,5
71,0.59,0.02,23,0.082,24,94,0.99744,355,0.53,97,6
94,0.685,0.26,24,0.082,23,143,0.9978,328,0.55,94,5
95,0.57,0.27,23,0.082,23,144,0.99782,327,0.55,94,5
79,0.4,0.29,18,0.157,1,44,0.9973,33,0.92,95,6
79,0.4,0.3,18,0.157,2,45,0.99727,331,0.91,95,6
72,1,0,3,0.102,7,16,0.99586,343,0.46,10,5
69,0.765,0.18,24,0.243,55,48,0.99612,34,0.6,103,6
69,0.635,0.17,24,0.241,6,18,0.9961,34,0.59,103,6
83,0.43,0.3,34,0.079,7,34,0.99788,336,0.61,105,5
71,0.52,0.03,26,0.076,21,92,0.99745,35,0.6,98,5
7,0.57,0,2,0.19,12,45,0.99676,331,0.6,94,6
65,0.46,0.14,24,0.114,9,37,0.99732,366,0.65,98,5
9,0.82,0.05,24,0.081,26,96,0.99814,336,0.53,10,5
65,0.46,0.14,24,0.114,9,37,0.99732,366,0.65,98,5
71,0.59,0.01,25,0.077,20,85,0.99746,355,0.59,98,5
99,0.35,0.41,23,0.083,11,61,0.9982,321,0.5,95,5
99,0.35,0.41,23,0.083,11,61,0.9982,321,0.5,95,5
10,0.56,0.24,22,0.079,19,58,0.9991,318,0.56,101,6
10,0.56,0.24,22,0.079,19,58,0.9991,318,0.56,101,6
86,0.63,0.17,29,0.099,21,119,0.998,309,0.52,93,5
74,0.37,0.43,26,0.082,18,82,0.99708,333,0.68,97,6
88,0.64,0.17,29,0.084,25,130,0.99818,323,0.54,96,5
71,0.61,0.02,25,0.081,17,87,0.99745,348,0.6,97,6
77,0.6,0,26,0.055,7,13,0.99639,338,0.56,108,5
101,0.27,0.54,23,0.065,7,26,0.99531,317,0.53,125,6
108,0.89,0.3,26,0.132,7,60,0.99786,299,1.18,102,5
87,0.46,0.31,25,0.126,24,64,0.99746,31,0.74,96,5
93,0.37,0.44,16,0.038,21,42,0.99526,324,0.81,108,7
94,0.5,0.34,36,0.082,5,14,0.9987,329,0.52,107,6
94,0.5,0.34,36,0.082,5,14,0.9987,329,0.52,107,6
72,0.61,0.08,4,0.082,26,108,0.99641,325,0.51,94,5
86,0.55,0.09,33,0.068,8,17,0.99735,323,0.44,10,5
51,0.585,0,17,0.044,14,86,0.99264,356,0.94,129,7
77,0.56,0.08,25,0.114,14,46,0.9971,324,0.66,96,6
84,0.52,0.22,27,0.084,4,18,0.99682,326,0.57,99,6
82,0.28,0.4,24,0.052,4,10,0.99356,333,0.7,128,7
84,0.25,0.39,2,0.041,4,10,0.99386,327,0.71,125,7
82,0.28,0.4,24,0.052,4,10,0.99356,333,0.7,128,7
74,0.53,0.12,19,0.165,4,12,0.99702,326,0.86,92,5
76,0.48,0.31,28,0.07,4,15,0.99693,322,0.55,103,6
73,0.49,0.1,26,0.068,4,14,0.99562,33,0.47,105,5
129,0.5,0.55,28,0.072,7,24,1.00012,309,0.68,109,6
108,0.45,0.33,25,0.099,20,38,0.99818,324,0.71,108,5
69,0.39,0.24,21,0.102,4,7,0.99462,344,0.58,114,4
126,0.41,0.54,28,0.103,19,41,0.99939,321,0.76,113,6
108,0.45,0.33,25,0.099,20,38,0.99818,324,0.71,108,5
98,0.51,0.19,32,0.081,8,30,0.9984,323,0.58,105,6
108,0.29,0.42,16,0.084,19,27,0.99545,328,0.73,119,6
71,0.715,0,235,0.071,21,47,0.99632,329,0.45,94,5
91,0.66,0.15,32,0.097,9,59,0.99976,328,0.54,96,5
7,0.685,0,19,0.099,9,22,0.99606,334,0.6,97,5
49,0.42,0,21,0.048,16,42,0.99154,371,0.74,14,7
67,0.54,0.13,2,0.076,15,36,0.9973,361,0.64,98,5
67,0.54,0.13,2,0.076,15,36,0.9973,361,0.64,98,5
71,0.48,0.28,28,0.068,6,16,0.99682,324,0.53,103,5
71,0.46,0.14,28,0.076,15,37,0.99624,336,0.49,107,5
75,0.27,0.34,23,0.05,4,8,0.9951,34,0.64,11,7
71,0.46,0.14,28,0.076,15,37,0.99624,336,0.49,107,5
78,0.57,0.09,23,0.065,34,45,0.99417,346,0.74,127,8
59,0.61,0.08,21,0.071,16,24,0.99376,356,0.77,111,6
75,0.685,0.07,25,0.058,5,9,0.99632,338,0.55,109,4
59,0.61,0.08,21,0.071,16,24,0.99376,356,0.77,111,6
104,0.44,0.42,15,0.145,34,48,0.99832,338,0.86,99,3
116,0.47,0.44,16,0.147,36,51,0.99836,338,0.86,99,4
88,0.685,0.26,16,0.088,16,23,0.99694,332,0.47,94,5
76,0.665,0.1,15,0.066,27,55,0.99655,339,0.51,93,5
67,0.28,0.28,24,0.012,36,100,0.99064,326,0.39,117,7
67,0.28,0.28,24,0.012,36,100,0.99064,326,0.39,117,7
101,0.31,0.35,16,0.075,9,28,0.99672,324,0.83,112,7
6,0.5,0.04,22,0.092,13,26,0.99647,346,0.47,10,5
111,0.42,0.47,265,0.085,9,34,0.99736,324,0.77,121,7
66,0.66,0,3,0.115,21,31,0.99629,345,0.63,103,5
106,0.5,0.45,26,0.119,34,68,0.99708,323,0.72,109,6
71,0.685,0.35,2,0.088,9,92,0.9963,328,0.62,94,5
99,0.25,0.46,17,0.062,26,42,0.9959,318,0.83,106,6
64,0.64,0.21,18,0.081,14,31,0.99689,359,0.66,98,5
64,0.64,0.21,18,0.081,14,31,0.99689,359,0.66,98,5
74,0.68,0.16,18,0.078,12,39,0.9977,35,0.7,99,6
64,0.64,0.21,18,0.081,14,31,0.99689,359,0.66,98,5
64,0.63,0.21,16,0.08,12,32,0.99689,358,0.66,98,5
93,0.43,0.44,19,0.085,9,22,0.99708,328,0.55,95,5
93,0.43,0.44,19,0.085,9,22,0.99708,328,0.55,95,5
8,0.42,0.32,25,0.08,26,122,0.99801,322,1.07,97,5
93,0.36,0.39,15,0.08,41,55,0.99652,347,0.73,109,6
93,0.36,0.39,15,0.08,41,55,0.99652,347,0.73,109,6
76,0.735,0.02,25,0.071,10,14,0.99538,351,0.71,117,7
93,0.36,0.39,15,0.08,41,55,0.99652,347,0.73,109,6
82,0.26,0.34,25,0.073,16,47,0.99594,34,0.78,113,7
117,0.28,0.47,17,0.054,17,32,0.99686,315,0.67,106,7
68,0.56,0.22,18,0.074,15,24,0.99438,34,0.82,112,6
72,0.62,0.06,27,0.077,15,85,0.99746,351,0.54,95,5
58,1.01,0.66,2,0.039,15,88,0.99357,366,0.6,115,6
75,0.42,0.32,27,0.067,7,25,0.99628,324,0.44,104,5
72,0.62,0.06,25,0.078,17,84,0.99746,351,0.53,97,5
72,0.62,0.06,27,0.077,15,85,0.99746,351,0.54,95,5
72,0.635,0.07,26,0.077,16,86,0.99748,351,0.54,97,5
68,0.49,0.22,23,0.071,13,24,0.99438,341,0.83,113,6
69,0.51,0.23,2,0.072,13,22,0.99438,34,0.84,112,6
68,0.56,0.22,18,0.074,15,24,0.99438,34,0.82,112,6
76,0.63,0.03,2,0.08,27,43,0.99578,344,0.64,109,6
77,0.715,0.01,21,0.064,31,43,0.99371,341,0.57,118,6
69,0.56,0.03,15,0.086,36,46,0.99522,353,0.57,106,5
73,0.35,0.24,2,0.067,28,48,0.99576,343,0.54,10,4
91,0.21,0.37,16,0.067,6,10,0.99552,323,0.58,111,7
104,0.38,0.46,21,0.104,6,10,0.99664,312,0.65,118,7
88,0.31,0.4,28,0.109,7,16,0.99614,331,0.79,118,7
71,0.47,0,22,0.067,7,14,0.99517,34,0.58,109,4
77,0.715,0.01,21,0.064,31,43,0.99371,341,0.57,118,6
88,0.61,0.19,4,0.094,30,69,0.99787,322,0.5,10,6
72,0.6,0.04,25,0.076,18,88,0.99745,353,0.55,95,5
92,0.56,0.18,16,0.078,10,21,0.99576,315,0.49,99,5
76,0.715,0,21,0.068,30,35,0.99533,348,0.65,114,6
84,0.31,0.29,31,0.194,14,26,0.99536,322,0.78,12,6
72,0.6,0.04,25,0.076,18,88,0.99745,353,0.55,95,5
88,0.61,0.19,4,0.094,30,69,0.99787,322,0.5,10,6
89,0.75,0.14,25,0.086,9,30,0.99824,334,0.64,105,5
9,0.8,0.12,24,0.083,8,28,0.99836,333,0.65,104,6
107,0.52,0.38,26,0.066,29,56,0.99577,315,0.79,121,7
68,0.57,0,25,0.072,32,64,0.99491,343,0.56,112,6
107,0.9,0.34,66,0.112,23,99,1.00289,322,0.68,93,5
72,0.34,0.24,2,0.071,30,52,0.99576,344,0.58,101,5
72,0.66,0.03,23,0.078,16,86,0.99743,353,0.57,97,5
101,0.45,0.23,19,0.082,10,18,0.99774,322,0.65,93,6
72,0.66,0.03,23,0.078,16,86,0.99743,353,0.57,97,5
72,0.63,0.03,22,0.08,17,88,0.99745,353,0.58,98,6
71,0.59,0.01,23,0.08,27,43,0.9955,342,0.58,107,6
83,0.31,0.39,24,0.078,17,43,0.99444,331,0.77,125,7
71,0.59,0.01,23,0.08,27,43,0.9955,342,0.58,107,6
83,0.31,0.39,24,0.078,17,43,0.99444,331,0.77,125,7
83,1.02,0.02,34,0.084,6,11,0.99892,348,0.49,11,3
89,0.31,0.36,26,0.056,10,39,0.99562,34,0.69,118,5
74,0.635,0.1,24,0.08,16,33,0.99736,358,0.69,108,7
74,0.635,0.1,24,0.08,16,33,0.99736,358,0.69,108,7
68,0.59,0.06,6,0.06,11,18,0.9962,341,0.59,108,7
68,0.59,0.06,6,0.06,11,18,0.9962,341,0.59,108,7
92,0.58,0.2,3,0.081,15,115,0.998,323,0.59,95,5
72,0.54,0.27,26,0.084,12,78,0.9964,339,0.71,11,5
61,0.56,0,22,0.079,6,9,0.9948,359,0.54,115,6
74,0.52,0.13,24,0.078,34,61,0.99528,343,0.59,108,6
73,0.305,0.39,12,0.059,7,11,0.99331,329,0.52,115,6
93,0.38,0.48,38,0.132,3,11,0.99577,323,0.57,132,6
91,0.28,0.46,9,0.114,3,9,0.99901,318,0.6,109,6
10,0.46,0.44,29,0.065,4,8,0.99674,333,0.62,122,6
94,0.395,0.46,46,0.094,3,10,0.99639,327,0.64,122,7
73,0.305,0.39,12,0.059,7,11,0.99331,329,0.52,115,6
86,0.315,0.4,22,0.079,3,6,0.99512,327,0.67,119,6
53,0.715,0.19,15,0.161,7,62,0.99395,362,0.61,11,5
68,0.41,0.31,88,0.084,26,45,0.99824,338,0.64,101,6
84,0.36,0.32,22,0.081,32,79,0.9964,33,0.72,11,6
84,0.62,0.12,18,0.072,38,46,0.99504,338,0.89,118,6
96,0.41,0.37,23,0.091,10,23,0.99786,324,0.56,105,5
84,0.36,0.32,22,0.081,32,79,0.9964,33,0.72,11,6
84,0.62,0.12,18,0.072,38,46,0.99504,338,0.89,118,6
68,0.41,0.31,88,0.084,26,45,0.99824,338,0.64,101,6
86,0.47,0.27,23,0.055,14,28,0.99516,318,0.8,112,5
86,0.22,0.36,19,0.064,53,77,0.99604,347,0.87,11,7
94,0.24,0.33,23,0.061,52,73,0.99786,347,0.9,102,6
84,0.67,0.19,22,0.093,11,75,0.99736,32,0.59,92,4
86,0.47,0.27,23,0.055,14,28,0.99516,318,0.8,112,5
87,0.33,0.38,33,0.063,10,19,0.99468,33,0.73,12,7
66,0.61,0.01,19,0.08,8,25,0.99746,369,0.73,105,5
74,0.61,0.01,2,0.074,13,38,0.99748,348,0.65,98,5
76,0.4,0.29,19,0.078,29,66,0.9971,345,0.59,95,6
74,0.61,0.01,2,0.074,13,38,0.99748,348,0.65,98,5
66,0.61,0.01,19,0.08,8,25,0.99746,369,0.73,105,5
88,0.3,0.38,23,0.06,19,72,0.99543,339,0.72,118,6
88,0.3,0.38,23,0.06,19,72,0.99543,339,0.72,118,6
12,0.63,0.5,14,0.071,6,26,0.99791,307,0.6,104,4
72,0.38,0.38,28,0.068,23,42,0.99356,334,0.72,129,7
62,0.46,0.17,16,0.073,7,11,0.99425,361,0.54,114,5
96,0.33,0.52,22,0.074,13,25,0.99509,336,0.76,124,7
99,0.27,0.49,5,0.082,9,17,0.99484,319,0.52,125,7
101,0.43,0.4,26,0.092,13,52,0.99834,322,0.64,10,7
98,0.5,0.34,23,0.094,10,45,0.99864,324,0.6,97,7
83,0.3,0.49,38,0.09,11,24,0.99498,327,0.64,121,7
102,0.44,0.42,2,0.071,7,20,0.99566,314,0.79,111,7
102,0.44,0.58,41,0.092,11,24,0.99745,329,0.99,12,7
83,0.28,0.48,21,0.093,6,12,0.99408,326,0.62,124,7
89,0.12,0.45,18,0.075,10,21,0.99552,341,0.76,119,7
89,0.12,0.45,18,0.075,10,21,0.99552,341,0.76,119,7
89,0.12,0.45,18,0.075,10,21,0.99552,341,0.76,119,7
83,0.28,0.48,21,0.093,6,12,0.99408,326,0.62,124,7
82,0.31,0.4,22,0.058,6,10,0.99536,331,0.68,112,7
102,0.34,0.48,21,0.052,5,9,0.99458,32,0.69,121,7
76,0.43,0.4,27,0.082,6,11,0.99538,344,0.54,122,6
85,0.21,0.52,19,0.09,9,23,0.99648,336,0.67,104,5
9,0.36,0.52,21,0.111,5,10,0.99568,331,0.62,113,6
95,0.37,0.52,2,0.088,12,51,0.99613,329,0.58,111,6
64,0.57,0.12,23,0.12,25,36,0.99519,347,0.71,113,7
8,0.59,0.05,2,0.089,12,32,0.99735,336,0.61,10,5
85,0.47,0.27,19,0.058,18,38,0.99518,316,0.85,111,6
71,0.56,0.14,16,0.078,7,18,0.99592,327,0.62,93,5
66,0.57,0.02,21,0.115,6,16,0.99654,338,0.69,95,5
88,0.27,0.39,2,0.1,20,27,0.99546,315,0.69,112,6
85,0.47,0.27,19,0.058,18,38,0.99518,316,0.85,111,6
83,0.34,0.4,24,0.065,24,48,0.99554,334,0.86,11,6
9,0.38,0.41,24,0.103,6,10,0.99604,313,0.58,119,7
85,0.66,0.2,21,0.097,23,113,0.99733,313,0.48,92,5
9,0.4,0.43,24,0.068,29,46,0.9943,32,0.6,122,6
67,0.56,0.09,29,0.079,7,22,0.99669,346,0.61,102,5
104,0.26,0.48,19,0.066,6,10,0.99724,333,0.87,109,6
104,0.26,0.48,19,0.066,6,10,0.99724,333,0.87,109,6
101,0.38,0.5,24,0.104,6,13,0.99643,322,0.65,116,7
85,0.34,0.44,17,0.079,6,12,0.99605,352,0.63,107,5
88,0.33,0.41,59,0.073,7,13,0.99658,33,0.62,121,7
72,0.41,0.3,21,0.083,35,72,0.997,344,0.52,94,5
72,0.41,0.3,21,0.083,35,72,0.997,344,0.52,94,5
84,0.59,0.29,26,0.109,31,119,0.99801,315,0.5,91,5
7,0.4,0.32,36,0.061,9,29,0.99416,328,0.49,113,7
122,0.45,0.49,14,0.075,3,6,0.9969,313,0.63,104,5
91,0.5,0.3,19,0.065,8,17,0.99774,332,0.71,105,6
95,0.86,0.26,19,0.079,13,28,0.99712,325,0.62,10,5
73,0.52,0.32,21,0.07,51,70,0.99418,334,0.82,129,6
91,0.5,0.3,19,0.065,8,17,0.99774,332,0.71,105,6
122,0.45,0.49,14,0.075,3,6,0.9969,313,0.63,104,5
74,0.58,0,2,0.064,7,11,0.99562,345,0.58,113,6
98,0.34,0.39,14,0.066,3,7,0.9947,319,0.55,114,7
71,0.36,0.3,16,0.08,35,70,0.99693,344,0.5,94,5
77,0.39,0.12,17,0.097,19,27,0.99596,316,0.49,94,5
97,0.295,0.4,15,0.073,14,21,0.99556,314,0.51,109,6
77,0.39,0.12,17,0.097,19,27,0.99596,316,0.49,94,5
71,0.34,0.28,2,0.082,31,68,0.99694,345,0.48,94,5
65,0.4,0.1,2,0.076,30,47,0.99554,336,0.48,94,6
71,0.34,0.28,2,0.082,31,68,0.99694,345,0.48,94,5
10,0.35,0.45,25,0.092,20,88,0.99918,315,0.43,94,5
77,0.6,0.06,2,0.079,19,41,0.99697,339,0.62,101,6
56,0.66,0,22,0.087,3,11,0.99378,371,0.63,128,7
56,0.66,0,22,0.087,3,11,0.99378,371,0.63,128,7
89,0.84,0.34,14,0.05,4,10,0.99554,312,0.48,91,6
64,0.69,0,165,0.055,7,12,0.99162,347,0.53,129,6
75,0.43,0.3,22,0.062,6,12,0.99495,344,0.72,115,7
99,0.35,0.38,15,0.058,31,47,0.99676,326,0.82,106,7
91,0.29,0.33,205,0.063,13,27,0.99516,326,0.84,117,7
68,0.36,0.32,18,0.067,4,8,0.9928,336,0.55,128,7
82,0.43,0.29,16,0.081,27,45,0.99603,325,0.54,103,5
68,0.36,0.32,18,0.067,4,8,0.9928,336,0.55,128,7
91,0.29,0.33,205,0.063,13,27,0.99516,326,0.84,117,7
91,0.3,0.34,2,0.064,12,25,0.99516,326,0.84,117,7
89,0.35,0.4,36,0.11,12,24,0.99549,323,0.7,12,7
96,0.5,0.36,28,0.116,26,55,0.99722,318,0.68,109,5
89,0.28,0.45,17,0.067,7,12,0.99354,325,0.55,123,7
89,0.32,0.31,2,0.088,12,19,0.9957,317,0.55,104,6
77,1.005,0.15,21,0.102,11,32,0.99604,323,0.48,10,5
75,0.71,0,16,0.092,22,31,0.99635,338,0.58,10,6
8,0.58,0.16,2,0.12,3,7,0.99454,322,0.58,112,6
105,0.39,0.46,22,0.075,14,27,0.99598,306,0.84,114,6
89,0.38,0.4,22,0.068,12,28,0.99486,327,0.75,126,7
8,0.18,0.37,9,0.049,36,109,0.99007,289,0.44,127,6
8,0.18,0.37,9,0.049,36,109,0.99007,289,0.44,127,6
7,0.5,0.14,18,0.078,10,23,0.99636,353,0.61,104,5
113,0.36,0.66,24,0.123,3,8,0.99642,32,0.53,119,6
113,0.36,0.66,24,0.123,3,8,0.99642,32,0.53,119,6
7,0.51,0.09,21,0.062,4,9,0.99584,335,0.54,105,5
82,0.32,0.42,23,0.098,3,9,0.99506,327,0.55,123,6
77,0.58,0.01,18,0.088,12,18,0.99568,332,0.56,105,7
86,0.83,0,28,0.095,17,43,0.99822,333,0.6,104,6
79,0.31,0.32,19,0.066,14,36,0.99364,341,0.56,126,6
64,0.795,0,22,0.065,28,52,0.99378,349,0.52,116,5
72,0.34,0.21,25,0.075,41,68,0.99586,337,0.54,101,6
77,0.58,0.01,18,0.088,12,18,0.99568,332,0.56,105,7
71,0.59,0,21,0.091,9,14,0.99488,342,0.55,115,7
73,0.55,0.01,18,0.093,9,15,0.99514,335,0.58,11,7
81,0.82,0,41,0.095,5,14,0.99854,336,0.53,96,5
75,0.57,0.08,26,0.089,14,27,0.99592,33,0.59,104,6
89,0.745,0.18,25,0.077,15,48,0.99739,32,0.47,97,6
101,0.37,0.34,24,0.085,5,17,0.99683,317,0.65,106,7
76,0.31,0.34,25,0.082,26,35,0.99356,322,0.59,125,7
73,0.91,0.1,18,0.074,20,56,0.99672,335,0.56,92,5
87,0.41,0.41,62,0.078,25,42,0.9953,324,0.77,126,7
89,0.5,0.21,22,0.088,21,39,0.99692,333,0.83,111,6
74,0.965,0,22,0.088,16,32,0.99756,358,0.67,102,5
69,0.49,0.19,17,0.079,13,26,0.99547,338,0.64,98,6
89,0.5,0.21,22,0.088,21,39,0.99692,333,0.83,111,6
95,0.39,0.41,89,0.069,18,39,0.99859,329,0.81,109,7
64,0.39,0.33,33,0.046,12,53,0.99294,336,0.62,122,6
69,0.44,0,14,0.07,32,38,0.99438,332,0.58,114,6
76,0.78,0,17,0.076,33,45,0.99612,331,0.62,107,6
71,0.43,0.17,18,0.082,27,51,0.99634,349,0.64,104,5
93,0.49,0.36,17,0.081,3,14,0.99702,327,0.78,109,6
93,0.5,0.36,18,0.084,6,17,0.99704,327,0.77,108,6
71,0.43,0.17,18,0.082,27,51,0.99634,349,0.64,104,5
85,0.46,0.59,14,0.414,16,45,0.99702,303,1.34,92,5
56,0.605,0.05,24,0.073,19,25,0.99258,356,0.55,129,5
83,0.33,0.42,23,0.07,9,20,0.99426,338,0.77,127,7
82,0.64,0.27,2,0.095,5,77,0.99747,313,0.62,91,6
82,0.64,0.27,2,0.095,5,77,0.99747,313,0.62,91,6
89,0.48,0.53,4,0.101,3,10,0.99586,321,0.59,121,7
76,0.42,0.25,39,0.104,28,90,0.99784,315,0.57,91,5
99,0.53,0.57,24,0.093,30,52,0.9971,319,0.76,116,7
89,0.48,0.53,4,0.101,3,10,0.99586,321,0.59,121,7
116,0.23,0.57,18,0.074,3,8,0.9981,314,0.7,99,6
91,0.4,0.5,18,0.071,7,16,0.99462,321,0.69,125,8
8,0.38,0.44,19,0.098,6,15,0.9956,33,0.64,114,6
102,0.29,0.65,24,0.075,6,17,0.99565,322,0.63,118,6
82,0.74,0.09,2,0.067,5,10,0.99418,328,0.57,118,6
77,0.61,0.18,24,0.083,6,20,0.9963,329,0.6,102,6
66,0.52,0.08,24,0.07,13,26,0.99358,34,0.72,125,7
111,0.31,0.53,22,0.06,3,10,0.99572,302,0.83,109,7
111,0.31,0.53,22,0.06,3,10,0.99572,302,0.83,109,7
8,0.62,0.35,28,0.086,28,52,0.997,331,0.62,108,5
93,0.33,0.45,15,0.057,19,37,0.99498,318,0.89,111,7
75,0.77,0.2,81,0.098,30,92,0.99892,32,0.58,92,5
72,0.35,0.26,18,0.083,33,75,0.9968,34,0.58,95,6
8,0.62,0.33,27,0.088,16,37,0.9972,331,0.58,107,6
75,0.77,0.2,81,0.098,30,92,0.99892,32,0.58,92,5
91,0.25,0.34,2,0.071,45,67,0.99769,344,0.86,102,7
99,0.32,0.56,2,0.073,3,8,0.99534,315,0.73,114,6
86,0.37,0.65,64,0.08,3,8,0.99817,327,0.58,11,5
86,0.37,0.65,64,0.08,3,8,0.99817,327,0.58,11,5
79,0.3,0.68,83,0.05,375,278,0.99316,301,0.51,123,7
103,0.27,0.56,14,0.047,3,8,0.99471,316,0.51,118,6
79,0.3,0.68,83,0.05,375,289,0.99316,301,0.51,123,7
72,0.38,0.3,18,0.073,31,70,0.99685,342,0.59,95,6
87,0.42,0.45,24,0.072,32,59,0.99617,333,0.77,12,6
72,0.38,0.3,18,0.073,31,70,0.99685,342,0.59,95,6
68,0.48,0.08,18,0.074,40,64,0.99529,312,0.49,96,5
85,0.34,0.4,47,0.055,3,9,0.99738,338,0.66,116,7
79,0.19,0.42,16,0.057,18,30,0.994,329,0.69,112,6
116,0.41,0.54,15,0.095,22,41,0.99735,302,0.76,99,7
116,0.41,0.54,15,0.095,22,41,0.99735,302,0.76,99,7
10,0.26,0.54,19,0.083,42,74,0.99451,298,0.63,118,8
79,0.34,0.42,2,0.086,8,19,0.99546,335,0.6,114,6
7,0.54,0.09,2,0.081,10,16,0.99479,343,0.59,115,6
92,0.31,0.36,22,0.079,11,31,0.99615,333,0.86,12,7
66,0.725,0.09,55,0.117,9,17,0.99655,335,0.49,108,6
94,0.4,0.47,25,0.087,6,20,0.99772,315,0.5,105,5
66,0.725,0.09,55,0.117,9,17,0.99655,335,0.49,108,6
86,0.52,0.38,15,0.096,5,18,0.99666,32,0.52,94,5
8,0.31,0.45,21,0.216,5,16,0.99358,315,0.81,125,7
86,0.52,0.38,15,0.096,5,18,0.99666,32,0.52,94,5
84,0.34,0.42,21,0.072,23,36,0.99392,311,0.78,124,6
74,0.49,0.27,21,0.071,14,25,0.99388,335,0.63,12,6
61,0.48,0.09,17,0.078,18,30,0.99402,345,0.54,112,6
74,0.49,0.27,21,0.071,14,25,0.99388,335,0.63,12,6
8,0.48,0.34,22,0.073,16,25,0.9936,328,0.66,124,6
63,0.57,0.28,21,0.048,13,49,0.99374,341,0.6,128,5
82,0.23,0.42,19,0.069,9,17,0.99376,321,0.54,123,6
91,0.3,0.41,2,0.068,10,24,0.99523,327,0.85,117,7
81,0.78,0.1,33,0.09,4,13,0.99855,336,0.49,95,5
108,0.47,0.43,21,0.171,27,66,0.9982,317,0.76,108,6
83,0.53,0,14,0.07,6,14,0.99593,325,0.64,10,6
54,0.42,0.27,2,0.092,23,55,0.99471,378,0.64,123,7
79,0.33,0.41,15,0.056,6,35,0.99396,329,0.71,11,6
89,0.24,0.39,16,0.074,3,10,0.99698,312,0.59,95,6
5,0.4,0.5,43,0.046,29,80,0.9902,349,0.66,136,6
7,0.69,0.07,25,0.091,15,21,0.99572,338,0.6,113,6
7,0.69,0.07,25,0.091,15,21,0.99572,338,0.6,113,6
7,0.69,0.07,25,0.091,15,21,0.99572,338,0.6,113,6
71,0.39,0.12,21,0.065,14,24,0.99252,33,0.53,133,6
56,0.66,0,25,0.066,7,15,0.99256,352,0.58,129,5
79,0.54,0.34,25,0.076,8,17,0.99235,32,0.72,131,8
66,0.5,0,18,0.062,21,28,0.99352,344,0.55,123,6
63,0.47,0,14,0.055,27,33,0.9922,345,0.48,123,6
107,0.4,0.37,19,0.081,17,29,0.99674,312,0.65,112,6
65,0.58,0,22,0.096,3,13,0.99557,362,0.62,115,4
88,0.24,0.35,17,0.055,13,27,0.99394,314,0.59,113,7
58,0.29,0.26,17,0.063,3,11,0.9915,339,0.54,135,6
63,0.76,0,29,0.072,26,52,0.99379,351,0.6,115,6
10,0.43,0.33,27,0.095,28,89,0.9984,322,0.68,10,5
105,0.43,0.35,33,0.092,24,70,0.99798,321,0.69,105,6
91,0.6,0,19,0.058,5,10,0.9977,318,0.63,104,6
59,0.19,0.21,17,0.045,57,135,0.99341,332,0.44,95,5
74,0.36,0.34,18,0.075,18,38,0.9933,338,0.88,136,7
72,0.48,0.07,55,0.089,10,18,0.99684,337,0.68,112,7
85,0.28,0.35,17,0.061,6,15,0.99524,33,0.74,118,7
8,0.25,0.43,17,0.067,22,50,0.9946,338,0.6,119,6
104,0.52,0.45,2,0.08,6,13,0.99774,322,0.76,114,6
104,0.52,0.45,2,0.08,6,13,0.99774,322,0.76,114,6
75,0.41,0.15,37,0.104,29,94,0.99786,314,0.58,91,5
82,0.51,0.24,2,0.079,16,86,0.99764,334,0.64,95,6
73,0.4,0.3,17,0.08,33,79,0.9969,341,0.65,95,6
82,0.38,0.32,25,0.08,24,71,0.99624,327,0.85,11,6
69,0.45,0.11,24,0.043,6,12,0.99354,33,0.65,114,6
7,0.22,0.3,18,0.065,16,20,0.99672,361,0.82,10,6
73,0.32,0.23,23,0.066,35,70,0.99588,343,0.62,101,5
82,0.2,0.43,25,0.076,31,51,0.99672,353,0.81,104,6
78,0.5,0.12,18,0.178,6,21,0.996,328,0.87,98,6
10,0.41,0.45,62,0.071,6,14,0.99702,321,0.49,118,7
78,0.39,0.42,2,0.086,9,21,0.99526,339,0.66,116,6
10,0.35,0.47,2,0.061,6,11,0.99585,323,0.52,12,6
82,0.33,0.32,28,0.067,4,12,0.99473,33,0.76,128,7
61,0.58,0.23,25,0.044,16,70,0.99352,346,0.65,125,6
83,0.6,0.25,22,0.118,9,38,0.99616,315,0.53,98,5
96,0.42,0.35,21,0.083,17,38,0.99622,323,0.66,111,6
66,0.58,0,22,0.1,50,63,0.99544,359,0.68,114,6
83,0.6,0.25,22,0.118,9,38,0.99616,315,0.53,98,5
85,0.18,0.51,175,0.071,45,88,0.99524,333,0.76,118,7
51,0.51,0.18,21,0.042,16,101,0.9924,346,0.87,129,7
67,0.41,0.43,28,0.076,22,54,0.99572,342,1.16,106,6
102,0.41,0.43,22,0.11,11,37,0.99728,316,0.67,108,5
106,0.36,0.57,23,0.087,6,20,0.99676,314,0.72,111,7
88,0.45,0.43,14,0.076,12,21,0.99551,321,0.75,102,6
85,0.32,0.42,23,0.075,12,19,0.99434,314,0.71,118,7
9,0.785,0.24,17,0.078,10,21,0.99692,329,0.67,10,5
9,0.785,0.24,17,0.078,10,21,0.99692,329,0.67,10,5
85,0.44,0.5,19,0.369,15,38,0.99634,301,1.1,94,5
99,0.54,0.26,2,0.111,7,60,0.99709,294,0.98,102,5
82,0.33,0.39,25,0.074,29,48,0.99528,332,0.88,124,7
65,0.34,0.27,28,0.067,8,44,0.99384,321,0.56,12,6
76,0.5,0.29,23,0.086,5,14,0.99502,332,0.62,115,6
92,0.36,0.34,16,0.062,5,12,0.99667,32,0.67,105,6
71,0.59,0,22,0.078,26,44,0.99522,342,0.68,108,6
97,0.42,0.46,21,0.074,5,16,0.99649,327,0.74,123,6
76,0.36,0.31,17,0.079,26,65,0.99716,346,0.62,95,6
76,0.36,0.31,17,0.079,26,65,0.99716,346,0.62,95,6
65,0.61,0,22,0.095,48,59,0.99541,361,0.7,115,6
65,0.88,0.03,56,0.079,23,47,0.99572,358,0.5,112,4
71,0.66,0,24,0.052,6,11,0.99318,335,0.66,127,7
56,0.915,0,21,0.041,17,78,0.99346,368,0.73,114,5
82,0.35,0.33,24,0.076,11,47,0.99599,327,0.81,11,6
82,0.35,0.33,24,0.076,11,47,0.99599,327,0.81,11,6
98,0.39,0.43,165,0.068,5,11,0.99478,319,0.46,114,5
102,0.4,0.4,25,0.068,41,54,0.99754,338,0.86,105,6
68,0.66,0.07,16,0.07,16,61,0.99572,329,0.6,93,5
67,0.64,0.23,21,0.08,11,119,0.99538,336,0.7,109,5
7,0.43,0.3,2,0.085,6,39,0.99346,333,0.46,119,6
66,0.8,0.03,78,0.079,6,12,0.9963,352,0.5,122,5
7,0.43,0.3,2,0.085,6,39,0.99346,333,0.46,119,6
67,0.64,0.23,21,0.08,11,119,0.99538,336,0.7,109,5
88,0.955,0.05,18,0.075,5,19,0.99616,33,0.44,96,4
91,0.4,0.57,46,0.08,6,20,0.99652,328,0.57,125,6
65,0.885,0,23,0.166,6,12,0.99551,356,0.51,108,5
72,0.25,0.37,25,0.063,11,41,0.99439,352,0.8,124,7
64,0.885,0,23,0.166,6,12,0.99551,356,0.51,108,5
7,0.745,0.12,18,0.114,15,64,0.99588,322,0.59,95,6
62,0.43,0.22,18,0.078,21,56,0.99633,352,0.6,95,6
79,0.58,0.23,23,0.076,23,94,0.99686,321,0.58,95,6
77,0.57,0.21,15,0.069,4,9,0.99458,316,0.54,98,6
77,0.26,0.26,2,0.052,19,77,0.9951,315,0.79,109,6
79,0.58,0.23,23,0.076,23,94,0.99686,321,0.58,95,6
77,0.57,0.21,15,0.069,4,9,0.99458,316,0.54,98,6
79,0.34,0.36,19,0.065,5,10,0.99419,327,0.54,112,7
86,0.42,0.39,18,0.068,6,12,0.99516,335,0.69,117,8
99,0.74,0.19,58,0.111,33,76,0.99878,314,0.55,94,5
72,0.36,0.46,21,0.074,24,44,0.99534,34,0.85,11,7
72,0.36,0.46,21,0.074,24,44,0.99534,34,0.85,11,7
72,0.36,0.46,21,0.074,24,44,0.99534,34,0.85,11,7
99,0.72,0.55,17,0.136,24,52,0.99752,335,0.94,10,5
72,0.36,0.46,21,0.074,24,44,0.99534,34,0.85,11,7
62,0.39,0.43,2,0.071,14,24,0.99428,345,0.87,112,7
68,0.65,0.02,21,0.078,8,15,0.99498,335,0.62,104,6
66,0.44,0.15,21,0.076,22,53,0.9957,332,0.62,93,5
68,0.65,0.02,21,0.078,8,15,0.99498,335,0.62,104,6
96,0.38,0.42,19,0.071,5,13,0.99659,315,0.75,105,6
102,0.33,0.46,19,0.081,6,9,0.99628,31,0.48,104,6
88,0.27,0.46,21,0.095,20,29,0.99488,326,0.56,113,6
79,0.57,0.31,2,0.079,10,79,0.99677,329,0.69,95,6
82,0.34,0.37,19,0.057,43,74,0.99408,323,0.81,12,6
82,0.4,0.31,19,0.082,8,24,0.996,324,0.69,106,6
9,0.39,0.4,13,0.044,25,50,0.99478,32,0.83,109,6
109,0.32,0.52,18,0.132,17,44,0.99734,328,0.77,115,6
109,0.32,0.52,18,0.132,17,44,0.99734,328,0.77,115,6
81,0.53,0.22,22,0.078,33,89,0.99678,326,0.46,96,6
105,0.36,0.47,22,0.074,9,23,0.99638,323,0.76,12,6
126,0.39,0.49,25,0.08,8,20,0.9992,307,0.82,103,6
92,0.46,0.23,26,0.091,18,77,0.99922,315,0.51,94,5
75,0.58,0.03,41,0.08,27,46,0.99592,302,0.47,92,5
9,0.58,0.25,2,0.104,8,21,0.99769,327,0.72,96,5
51,0.42,0,18,0.044,18,88,0.99157,368,0.73,136,7
76,0.43,0.29,21,0.075,19,66,0.99718,34,0.64,95,5
77,0.18,0.34,27,0.066,15,58,0.9947,337,0.78,118,6
78,0.815,0.01,26,0.074,48,90,0.99621,338,0.62,108,5
76,0.43,0.29,21,0.075,19,66,0.99718,34,0.64,95,5
102,0.23,0.37,22,0.057,14,36,0.99614,323,0.49,93,4
71,0.75,0.01,22,0.059,11,18,0.99242,339,0.4,128,6
6,0.33,0.32,129,0.054,6,113,0.99572,33,0.56,115,4
78,0.55,0,17,0.07,7,17,0.99659,326,0.64,94,6
71,0.75,0.01,22,0.059,11,18,0.99242,339,0.4,128,6
81,0.73,0,25,0.081,12,24,0.99798,338,0.46,96,4
65,0.67,0,43,0.057,11,20,0.99488,345,0.56,118,4
75,0.61,0.2,17,0.076,36,60,0.99494,31,0.4,93,5
98,0.37,0.39,25,0.079,28,65,0.99729,316,0.59,98,5
9,0.4,0.41,2,0.058,15,40,0.99414,322,0.6,122,6
83,0.56,0.22,24,0.082,10,86,0.9983,337,0.62,95,5
59,0.29,0.25,134,0.067,72,160,0.99721,333,0.54,103,6
74,0.55,0.19,18,0.082,15,34,0.99655,349,0.68,105,5
74,0.74,0.07,17,0.086,15,48,0.99502,312,0.48,10,5
74,0.55,0.19,18,0.082,15,34,0.99655,349,0.68,105,5
69,0.41,0.33,22,0.081,22,36,0.9949,341,0.75,111,6
71,0.6,0.01,23,0.079,24,37,0.99514,34,0.61,109,6
71,0.6,0.01,23,0.079,24,37,0.99514,34,0.61,109,6
75,0.58,0.14,22,0.077,27,60,0.9963,328,0.59,98,5
71,0.72,0,18,0.123,6,14,0.99627,345,0.58,98,5
79,0.66,0,14,0.096,6,13,0.99569,343,0.58,95,5
78,0.7,0.06,19,0.079,20,35,0.99628,34,0.69,109,5
61,0.64,0.02,24,0.069,26,46,0.99358,347,0.45,11,5
75,0.59,0.22,18,0.082,43,60,0.99499,31,0.42,92,5
7,0.58,0.28,48,0.085,12,69,0.99633,332,0.7,11,6
68,0.64,0,27,0.123,15,33,0.99538,344,0.63,113,6
68,0.64,0,27,0.123,15,33,0.99538,344,0.63,113,6
86,0.635,0.68,18,0.403,19,56,0.99632,302,1.15,93,5
63,1.02,0,2,0.083,17,24,0.99437,359,0.55,112,4
98,0.45,0.38,25,0.081,34,66,0.99726,315,0.58,98,5
82,0.78,0,22,0.089,13,26,0.9978,337,0.46,96,4
85,0.37,0.32,18,0.066,26,51,0.99456,338,0.72,118,6
72,0.57,0.05,23,0.081,16,36,0.99564,338,0.6,103,6
72,0.57,0.05,23,0.081,16,36,0.99564,338,0.6,103,6
104,0.43,0.5,23,0.068,13,19,0.996,31,0.87,114,6
69,0.41,0.31,2,0.079,21,51,0.99668,347,0.55,95,6
55,0.49,0.03,18,0.044,28,87,0.9908,35,0.82,14,8
5,0.38,0.01,16,0.048,26,60,0.99084,37,0.75,14,6
73,0.44,0.2,16,0.049,24,64,0.9935,338,0.57,117,6
59,0.46,0,19,0.077,25,44,0.99385,35,0.53,112,5
75,0.58,0.2,2,0.073,34,44,0.99494,31,0.43,93,5
78,0.58,0.13,21,0.102,17,36,0.9944,324,0.53,112,6
8,0.715,0.22,23,0.075,13,81,0.99688,324,0.54,95,6
85,0.4,0.4,63,0.05,3,10,0.99566,328,0.56,12,4
7,0.69,0,19,0.114,3,10,0.99636,335,0.6,97,6
8,0.715,0.22,23,0.075,13,81,0.99688,324,0.54,95,6
98,0.3,0.39,17,0.062,3,9,0.9948,314,0.57,115,7
71,0.46,0.2,19,0.077,28,54,0.9956,337,0.64,104,6
71,0.46,0.2,19,0.077,28,54,0.9956,337,0.64,104,6
79,0.765,0,2,0.084,9,22,0.99619,333,0.68,109,6
87,0.63,0.28,27,0.096,17,69,0.99734,326,0.63,102,6
7,0.42,0.19,23,0.071,18,36,0.99476,339,0.56,109,5
113,0.37,0.5,18,0.09,20,47,0.99734,315,0.57,105,5
71,0.16,0.44,25,0.068,17,31,0.99328,335,0.54,124,6
8,0.6,0.08,26,0.056,3,7,0.99286,322,0.37,13,5
7,0.6,0.3,45,0.068,20,110,0.99914,33,1.17,102,5
7,0.6,0.3,45,0.068,20,110,0.99914,33,1.17,102,5
76,0.74,0,19,0.1,6,12,0.99521,336,0.59,11,5
82,0.635,0.1,21,0.073,25,60,0.99638,329,0.75,109,6
59,0.395,0.13,24,0.056,14,28,0.99362,362,0.67,124,6
75,0.755,0,19,0.084,6,12,0.99672,334,0.49,97,4
82,0.635,0.1,21,0.073,25,60,0.99638,329,0.75,109,6
66,0.63,0,43,0.093,51,NA,0.99558,32,0.45,95,5
66,0.63,0,43,0.093,51,NA,0.99558,32,0.45,95,5
72,0.53,0.14,21,0.064,15,29,0.99323,335,0.61,121,6
57,0.6,0,14,0.063,11,18,0.99191,345,0.56,122,6
76,1.58,0,21,0.137,5,9,0.99476,35,0.4,109,3
52,0.645,0,215,0.08,15,28,0.99444,378,0.61,125,6
67,0.86,0.07,2,0.1,20,57,0.99598,36,0.74,117,6
91,0.37,0.32,21,0.064,4,15,0.99576,33,0.8,112,6
8,0.28,0.44,18,0.081,28,68,0.99501,336,0.66,112,5
76,0.79,0.21,23,0.087,21,68,0.9955,312,0.44,92,5
75,0.61,0.26,19,0.073,24,88,0.99612,33,0.53,98,5
97,0.69,0.32,25,0.088,22,91,0.9979,329,0.62,101,5
68,0.68,0.09,39,0.068,15,29,0.99524,341,0.52,111,4
97,0.69,0.32,25,0.088,22,91,0.9979,329,0.62,101,5
7,0.62,0.1,14,0.071,27,63,0.996,328,0.61,92,5
75,0.61,0.26,19,0.073,24,88,0.99612,33,0.53,98,5
65,0.51,0.15,3,0.064,12,27,0.9929,333,0.59,128,6
8,1.18,0.21,19,0.083,14,41,0.99532,334,0.47,105,5
7,0.36,0.21,23,0.086,20,65,0.99558,34,0.54,101,6
7,0.36,0.21,24,0.086,24,69,0.99556,34,0.53,101,6
75,0.63,0.27,2,0.083,17,91,0.99616,326,0.58,98,6
54,0.74,0,12,0.041,16,46,0.99258,401,0.59,125,6
99,0.44,0.46,22,0.091,10,41,0.99638,318,0.69,119,6
75,0.63,0.27,2,0.083,17,91,0.99616,326,0.58,98,6
91,0.76,0.68,17,0.414,18,64,0.99652,29,1.33,91,6
97,0.66,0.34,26,0.094,12,88,0.99796,326,0.66,101,5
5,0.74,0,12,0.041,16,46,0.99258,401,0.59,125,6
91,0.34,0.42,18,0.058,9,18,0.99392,318,0.55,114,5
91,0.36,0.39,18,0.06,21,55,0.99495,318,0.82,11,7
67,0.46,0.24,17,0.077,18,34,0.9948,339,0.6,106,6
67,0.46,0.24,17,0.077,18,34,0.9948,339,0.6,106,6
67,0.46,0.24,17,0.077,18,34,0.9948,339,0.6,106,6
67,0.46,0.24,17,0.077,18,34,0.9948,339,0.6,106,6
65,0.52,0.11,18,0.073,13,38,0.9955,334,0.52,93,5
74,0.6,0.26,21,0.083,17,91,0.99616,329,0.56,98,6
74,0.6,0.26,21,0.083,17,91,0.99616,329,0.56,98,6
78,0.87,0.26,38,0.107,31,67,0.99668,326,0.46,92,5
84,0.39,0.1,17,0.075,6,25,0.99581,309,0.43,97,6
91,0.775,0.22,22,0.079,12,48,0.9976,318,0.51,96,5
72,0.835,0,2,0.166,4,11,0.99608,339,0.52,10,5
66,0.58,0.02,24,0.069,19,40,0.99387,338,0.66,126,6
6,0.5,0,14,0.057,15,26,0.99448,336,0.45,95,5
6,0.5,0,14,0.057,15,26,0.99448,336,0.45,95,5
6,0.5,0,14,0.057,15,26,0.99448,336,0.45,95,5
75,0.51,0.02,17,0.084,13,31,0.99538,336,0.54,105,6
75,0.51,0.02,17,0.084,13,31,0.99538,336,0.54,105,6
75,0.51,0.02,17,0.084,13,31,0.99538,336,0.54,105,6
76,0.54,0.02,17,0.085,17,31,0.99589,337,0.51,104,6
75,0.51,0.02,17,0.084,13,31,0.99538,336,0.54,105,6
115,0.42,0.48,26,0.077,8,20,0.99852,309,0.53,11,5
82,0.44,0.24,23,0.063,10,28,0.99613,325,0.53,102,6
61,0.59,0.01,21,0.056,5,13,0.99472,352,0.56,114,5
72,0.655,0.03,18,0.078,7,12,0.99587,334,0.39,95,5
72,0.655,0.03,18,0.078,7,12,0.99587,334,0.39,95,5
69,0.57,0,28,0.081,21,41,0.99518,341,0.52,108,5
9,0.6,0.29,2,0.069,32,73,0.99654,334,0.57,10,5
72,0.62,0.01,23,0.065,8,46,0.99332,332,0.51,118,6
76,0.645,0.03,19,0.086,14,57,0.9969,337,0.46,103,5
76,0.645,0.03,19,0.086,14,57,0.9969,337,0.46,103,5
72,0.58,0.03,23,0.077,7,28,0.99568,335,0.52,10,5
61,0.32,0.25,18,0.086,5,32,0.99464,336,0.44,101,5
61,0.34,0.25,18,0.084,4,28,0.99464,336,0.44,101,5
73,0.43,0.24,25,0.078,27,67,0.99648,36,0.59,111,6
74,0.64,0.17,54,0.168,52,98,0.99736,328,0.5,95,5
116,0.475,0.4,14,0.091,6,28,0.99704,307,0.65,100333333333333,6
92,0.54,0.31,23,0.112,11,38,0.99699,324,0.56,109,5
83,0.85,0.14,25,0.093,13,54,0.99724,336,0.54,101,5
116,0.475,0.4,14,0.091,6,28,0.99704,307,0.65,100333333333333,6
8,0.83,0.27,2,0.08,11,63,0.99652,329,0.48,98,4
72,0.605,0.02,19,0.096,10,31,0.995,346,0.53,118,6
78,0.5,0.09,22,0.115,10,42,0.9971,318,0.62,95,5
73,0.74,0.08,17,0.094,10,45,0.99576,324,0.5,98,5
69,0.54,0.3,22,0.088,9,105,0.99725,325,1.18,105,6
8,0.77,0.32,21,0.079,16,74,0.99656,327,0.5,98,6
66,0.61,0,16,0.069,4,8,0.99396,333,0.37,104,4
87,0.78,0.51,17,0.415,12,66,0.99623,3,1.17,92,5
75,0.58,0.56,31,0.153,5,14,0.99476,321,1.03,116,6
87,0.78,0.51,17,0.415,12,66,0.99623,3,1.17,92,5
77,0.75,0.27,38,0.11,34,89,0.99664,324,0.45,93,5
68,0.815,0,12,0.267,16,29,0.99471,332,0.51,98,3
72,0.56,0.26,2,0.083,13,100,0.99586,326,0.52,99,5
82,0.885,0.2,14,0.086,7,31,0.9946,311,0.46,10,5
52,0.49,0.26,23,0.09,23,74,0.9953,371,0.62,122,6
72,0.45,0.15,2,0.078,10,28,0.99609,329,0.51,99,6
75,0.57,0.02,26,0.077,11,35,0.99557,336,0.62,108,6
75,0.57,0.02,26,0.077,11,35,0.99557,336,0.62,108,6
68,0.83,0.09,18,0.074,4,25,0.99534,338,0.45,96,5
8,0.6,0.22,21,0.08,25,105,0.99613,33,0.49,99,5
8,0.6,0.22,21,0.08,25,105,0.99613,33,0.49,99,5
71,0.755,0.15,18,0.107,20,84,0.99593,319,0.5,95,5
8,0.81,0.25,34,0.076,34,85,0.99668,319,0.42,92,5
74,0.64,0.07,18,0.1,8,23,0.9961,33,0.58,96,5
74,0.64,0.07,18,0.1,8,23,0.9961,33,0.58,96,5
66,0.64,0.31,61,0.083,7,49,0.99718,335,0.68,103,5
67,0.48,0.02,22,0.08,36,111,0.99524,31,0.53,97,5
6,0.49,0,23,0.068,15,33,0.99292,358,0.59,125,6
8,0.64,0.22,24,0.094,5,33,0.99612,337,0.58,11,5
71,0.62,0.06,13,0.07,5,12,0.9942,317,0.48,98,5
8,0.52,0.25,2,0.078,19,59,0.99612,33,0.48,102,5
64,0.57,0.14,39,0.07,27,73,0.99669,332,0.48,92,5
86,0.685,0.1,16,0.092,3,12,0.99745,331,0.65,955,6
87,0.675,0.1,16,0.09,4,11,0.99745,331,0.65,955,5
73,0.59,0.26,2,0.08,17,104,0.99584,328,0.52,99,5
7,0.6,0.12,22,0.083,13,28,0.9966,352,0.62,102,7
72,0.67,0,22,0.068,10,24,0.9956,342,0.72,111,6
79,0.69,0.21,21,0.08,33,141,0.9962,325,0.51,99,5
79,0.69,0.21,21,0.08,33,141,0.9962,325,0.51,99,5
76,0.3,0.42,2,0.052,6,24,0.9963,344,0.82,119,6
72,0.33,0.33,17,0.061,3,13,0.996,323,1.1,10,8
8,0.5,0.39,26,0.082,12,46,0.9985,343,0.62,107,6
77,0.28,0.3,2,0.062,18,34,0.9952,328,0.9,113,7
82,0.24,0.34,51,0.062,8,22,0.9974,322,0.94,109,6
6,0.51,0,21,0.064,40,54,0.995,354,0.93,107,6
81,0.29,0.36,22,0.048,35,53,0.995,327,1.01,124,7
6,0.51,0,21,0.064,40,54,0.995,354,0.93,107,6
66,0.96,0,18,0.082,5,16,0.9936,35,0.44,119,6
64,0.47,0.4,24,0.071,8,19,0.9963,356,0.73,106,6
82,0.24,0.34,51,0.062,8,22,0.9974,322,0.94,109,6
99,0.57,0.25,2,0.104,12,89,0.9963,304,0.9,101,5
10,0.32,0.59,22,0.077,3,15,0.9994,32,0.78,96,5
62,0.58,0,16,0.065,8,18,0.9966,356,0.84,94,5
10,0.32,0.59,22,0.077,3,15,0.9994,32,0.78,96,5
73,0.34,0.33,25,0.064,21,37,0.9952,335,0.77,121,7
78,0.53,0.01,16,0.077,3,19,0.995,316,0.46,98,5
77,0.64,0.21,22,0.077,32,133,0.9956,327,0.45,99,5
78,0.53,0.01,16,0.077,3,19,0.995,316,0.46,98,5
75,0.4,0.18,16,0.079,24,58,0.9965,334,0.58,94,5
7,0.54,0,21,0.079,39,55,0.9956,339,0.84,114,6
64,0.53,0.09,39,0.123,14,31,0.9968,35,0.67,11,4
83,0.26,0.37,14,0.076,8,23,0.9974,326,0.7,96,6
83,0.26,0.37,14,0.076,8,23,0.9974,326,0.7,96,6
77,0.23,0.37,18,0.046,23,60,0.9971,341,0.71,121,6
76,0.41,0.33,25,0.078,6,23,0.9957,33,0.58,112,5
78,0.64,0,19,0.072,27,55,0.9962,331,0.63,11,5
79,0.18,0.4,22,0.049,38,67,0.996,333,0.93,113,5
74,0.41,0.24,18,0.066,18,47,0.9956,337,0.62,104,5
76,0.43,0.31,21,0.069,13,74,0.9958,326,0.54,99,6
59,0.44,0,16,0.042,3,11,0.9944,348,0.85,117,6
61,0.4,0.16,18,0.069,11,25,0.9955,342,0.74,101,7
102,0.54,0.37,154,0.214,55,95,1.00369,318,0.77,9,6
102,0.54,0.37,154,0.214,55,95,1.00369,318,0.77,9,6
10,0.38,0.38,16,0.169,27,90,0.99914,315,0.65,85,5
68,0.915,0.29,48,0.07,15,39,0.99577,353,0.54,111,5
7,0.59,0,17,0.052,3,8,0.996,341,0.47,103,5
73,0.67,0.02,22,0.072,31,92,0.99566,332,0.68,110666666666667,6
72,0.37,0.32,2,0.062,15,28,0.9947,323,0.73,113,7
74,0.785,0.19,52,0.094,19,98,0.99713,316,0.52,956666666666667,6
69,0.63,0.02,19,0.078,18,30,0.99712,34,0.75,98,5
69,0.58,0.2,175,0.058,8,22,0.99322,338,0.49,117,5
73,0.67,0.02,22,0.072,31,92,0.99566,332,0.68,111,6
74,0.785,0.19,52,0.094,19,98,0.99713,316,0.52,96,6
69,0.63,0.02,19,0.078,18,30,0.99712,34,0.75,98,5
68,0.67,0,19,0.08,22,39,0.99701,34,0.74,97,5
69,0.58,0.01,19,0.08,40,54,0.99683,34,0.73,97,5
72,0.38,0.31,2,0.056,15,29,0.99472,323,0.76,113,8
72,0.37,0.32,2,0.062,15,28,0.9947,323,0.73,113,7
78,0.32,0.44,27,0.104,8,17,0.99732,333,0.78,11,7
66,0.58,0.02,2,0.062,37,53,0.99374,335,0.76,116,7
76,0.49,0.33,19,0.074,27,85,0.99706,341,0.58,9,5
117,0.45,0.63,22,0.073,7,23,0.99974,321,0.69,109,6
65,0.9,0,16,0.052,9,17,0.99467,35,0.63,109,6
6,0.54,0.06,18,0.05,38,89,0.99236,33,0.5,1055,6
76,0.49,0.33,19,0.074,27,85,0.99706,341,0.58,9,5
84,0.29,0.4,17,0.067,8,20,0.99603,339,0.6,105,5
79,0.2,0.35,17,0.054,7,15,0.99458,332,0.8,119,7
64,0.42,0.09,23,0.054,34,64,0.99724,341,0.68,104,6
62,0.785,0,21,0.06,6,13,0.99664,359,0.61,10,4
68,0.64,0.03,23,0.075,14,31,0.99545,336,0.58,104,6
69,0.63,0.01,24,0.076,14,39,0.99522,334,0.53,108,6
68,0.59,0.1,17,0.063,34,53,0.9958,341,0.67,97,5
68,0.59,0.1,17,0.063,34,53,0.9958,341,0.67,97,5
73,0.48,0.32,21,0.062,31,54,0.99728,33,0.65,10,7
67,1.04,0.08,23,0.067,19,32,0.99648,352,0.57,11,4
73,0.48,0.32,21,0.062,31,54,0.99728,33,0.65,10,7
73,0.98,0.05,21,0.061,20,49,0.99705,331,0.55,97,3
10,0.69,0.11,14,0.084,8,24,0.99578,288,0.47,97,5
67,0.7,0.08,375,0.067,8,16,0.99334,343,0.52,126,5
76,0.35,0.6,26,0.073,23,44,0.99656,338,0.79,111,6
61,0.6,0.08,18,0.071,14,45,0.99336,338,0.54,11,5
99,0.5,0.5,138,0.205,48,82,1.00242,316,0.75,88,5
53,0.47,0.11,22,0.048,16,89,0.99182,354,0.88,135666666666667,7
99,0.5,0.5,138,0.205,48,82,1.00242,316,0.75,88,5
53,0.47,0.11,22,0.048,16,89,0.99182,354,0.88,136,7
71,0.875,0.05,57,0.082,3,14,0.99808,34,0.52,102,3
82,0.28,0.6,3,0.104,10,22,0.99828,339,0.68,106,5
56,0.62,0.03,15,0.08,6,13,0.99498,366,0.62,101,4
82,0.28,0.6,3,0.104,10,22,0.99828,339,0.68,106,5
72,0.58,0.54,21,0.114,3,9,0.99719,333,0.57,103,4
81,0.33,0.44,15,0.042,6,12,0.99542,335,0.61,107,5
68,0.91,0.06,2,0.06,4,11,0.99592,353,0.64,109,4
7,0.655,0.16,21,0.074,8,25,0.99606,337,0.55,97,5
68,0.68,0.21,21,0.07,9,23,0.99546,338,0.6,103,5
6,0.64,0.05,19,0.066,9,17,0.99496,352,0.78,106,5
56,0.54,0.04,17,0.049,5,13,0.9942,372,0.58,114,5
62,0.57,0.1,21,0.048,4,11,0.99448,344,0.76,108,6
71,0.22,0.49,18,0.039,8,18,0.99344,339,0.56,124,6
56,0.54,0.04,17,0.049,5,13,0.9942,372,0.58,114,5
62,0.65,0.06,16,0.05,6,18,0.99348,357,0.54,1195,5
77,0.54,0.26,19,0.089,23,147,0.99636,326,0.59,97,5
64,0.31,0.09,14,0.066,15,28,0.99459,342,0.7,10,7
7,0.43,0.02,19,0.08,15,28,0.99492,335,0.81,106,6
77,0.54,0.26,19,0.089,23,147,0.99636,326,0.59,97,5
69,0.74,0.03,23,0.054,7,16,0.99508,345,0.63,115,6
66,0.895,0.04,23,0.068,7,13,0.99582,353,0.58,108,6
69,0.74,0.03,23,0.054,7,16,0.99508,345,0.63,115,6
75,0.725,0.04,15,0.076,8,15,0.99508,326,0.53,96,5
78,0.82,0.29,43,0.083,21,64,0.99642,316,0.53,94,5
73,0.585,0.18,24,0.078,15,60,0.99638,331,0.54,98,5
62,0.44,0.39,25,0.077,6,14,0.99555,351,0.69,11,6
75,0.38,0.57,23,0.106,5,12,0.99605,336,0.55,114,6
67,0.76,0.02,18,0.078,6,12,0.996,355,0.63,995,3
68,0.81,0.05,2,0.07,6,14,0.99562,351,0.66,108,6
75,0.38,0.57,23,0.106,5,12,0.99605,336,0.55,114,6
71,0.27,0.6,21,0.074,17,25,0.99814,338,0.72,106,6
79,0.18,0.4,18,0.062,7,20,0.9941,328,0.7,111,5
64,0.36,0.21,22,0.047,26,48,0.99661,347,0.77,97,6
71,0.69,0.04,21,0.068,19,27,0.99712,344,0.67,98,5
64,0.79,0.04,22,0.061,11,17,0.99588,353,0.65,104,6
64,0.56,0.15,18,0.078,17,65,0.99294,333,0.6,105,6
69,0.84,0.21,41,0.074,16,65,0.99842,353,0.72,923333333333333,6
69,0.84,0.21,41,0.074,16,65,0.99842,353,0.72,925,6
61,0.32,0.25,23,0.071,23,58,0.99633,342,0.97,106,5
65,0.53,0.06,2,0.063,29,44,0.99489,338,0.83,103,6
74,0.47,0.46,22,0.114,7,20,0.99647,332,0.63,105,5
66,0.7,0.08,26,0.106,14,27,0.99665,344,0.58,102,5
65,0.53,0.06,2,0.063,29,44,0.99489,338,0.83,103,6
69,0.48,0.2,19,0.082,9,23,0.99585,339,0.43,905,4
61,0.32,0.25,23,0.071,23,58,0.99633,342,0.97,106,5
68,0.48,0.25,2,0.076,29,61,0.9953,334,0.6,104,5
6,0.42,0.19,2,0.075,22,47,0.99522,339,0.78,10,6
67,0.48,0.08,21,0.064,18,34,0.99552,333,0.64,97,5
68,0.47,0.08,22,0.064,18,38,0.99553,33,0.65,96,6
71,0.53,0.07,17,0.071,15,24,0.9951,329,0.66,108,6
79,0.29,0.49,22,0.096,21,59,0.99714,331,0.67,101,6
71,0.69,0.08,21,0.063,42,52,0.99608,342,0.6,102,6
66,0.44,0.09,22,0.063,9,18,0.99444,342,0.69,113,6
61,0.705,0.1,28,0.081,13,28,0.99631,36,0.66,102,5
72,0.53,0.13,2,0.058,18,22,0.99573,321,0.68,99,6
8,0.39,0.3,19,0.074,32,84,0.99717,339,0.61,9,5
66,0.56,0.14,24,0.064,13,29,0.99397,342,0.62,117,7
7,0.55,0.13,22,0.075,15,35,0.9959,336,0.59,97,6
61,0.53,0.08,19,0.077,24,45,0.99528,36,0.68,103,6
54,0.58,0.08,19,0.059,20,31,0.99484,35,0.64,102,6
62,0.64,0.09,25,0.081,15,26,0.99538,357,0.63,12,5
72,0.39,0.32,18,0.065,34,60,0.99714,346,0.78,99,5
62,0.52,0.08,44,0.071,11,32,0.99646,356,0.63,116,6
74,0.25,0.29,22,0.054,19,49,0.99666,34,0.76,109,7
67,0.855,0.02,19,0.064,29,38,0.99472,33,0.56,1075,6
111,0.44,0.42,22,0.064,14,19,0.99758,325,0.57,104,6
84,0.37,0.43,23,0.063,12,19,0.9955,317,0.81,112,7
65,0.63,0.33,18,0.059,16,28,0.99531,336,0.64,101,6
7,0.57,0.02,2,0.072,17,26,0.99575,336,0.61,102,5
63,0.6,0.1,16,0.048,12,26,0.99306,355,0.51,121,5
112,0.4,0.5,2,0.099,19,50,0.99783,31,0.58,104,5
74,0.36,0.3,18,0.074,17,24,0.99419,324,0.7,114,8
71,0.68,0,23,0.087,17,26,0.99783,345,0.53,95,5
71,0.67,0,23,0.083,18,27,0.99768,344,0.54,94,5
63,0.68,0.01,37,0.103,32,54,0.99586,351,0.66,113,6
73,0.735,0,22,0.08,18,28,0.99765,341,0.6,94,5
66,0.855,0.02,24,0.062,15,23,0.99627,354,0.6,11,6
7,0.56,0.17,17,0.065,15,24,0.99514,344,0.68,1055,7
66,0.88,0.04,22,0.066,12,20,0.99636,353,0.56,99,5
66,0.855,0.02,24,0.062,15,23,0.99627,354,0.6,11,6
69,0.63,0.33,67,0.235,66,115,0.99787,322,0.56,95,5
78,0.6,0.26,2,0.08,31,131,0.99622,321,0.52,99,5
78,0.6,0.26,2,0.08,31,131,0.99622,321,0.52,99,5
78,0.6,0.26,2,0.08,31,131,0.99622,321,0.52,99,5
72,0.695,0.13,2,0.076,12,20,0.99546,329,0.54,101,5
72,0.695,0.13,2,0.076,12,20,0.99546,329,0.54,101,5
72,0.695,0.13,2,0.076,12,20,0.99546,329,0.54,101,5
67,0.67,0.02,19,0.061,26,42,0.99489,339,0.82,109,6
67,0.16,0.64,21,0.059,24,52,0.99494,334,0.71,112,6
72,0.695,0.13,2,0.076,12,20,0.99546,329,0.54,101,5
7,0.56,0.13,16,0.077,25,42,0.99629,334,0.59,92,5
62,0.51,0.14,19,0.056,15,34,0.99396,348,0.57,115,6
64,0.36,0.53,22,0.23,19,35,0.9934,337,0.93,124,6
64,0.38,0.14,22,0.038,15,25,0.99514,344,0.65,111,6
73,0.69,0.32,22,0.069,35,104,0.99632,333,0.51,95,5
6,0.58,0.2,24,0.075,15,50,0.99467,358,0.67,125,6
56,0.31,0.78,139,0.074,23,92,0.99677,339,0.48,105,6
75,0.52,0.4,22,0.06,12,20,0.99474,326,0.64,118,6
8,0.3,0.63,16,0.081,16,29,0.99588,33,0.78,108,6
62,0.7,0.15,51,0.076,13,27,0.99622,354,0.6,119,6
68,0.67,0.15,18,0.118,13,20,0.9954,342,0.67,113,6
62,0.56,0.09,17,0.053,24,32,0.99402,354,0.6,113,5
74,0.35,0.33,24,0.068,9,26,0.9947,336,0.6,119,6
62,0.56,0.09,17,0.053,24,32,0.99402,354,0.6,113,5
61,0.715,0.1,26,0.053,13,27,0.99362,357,0.5,119,5
62,0.46,0.29,21,0.074,32,98,0.99578,333,0.62,98,5
67,0.32,0.44,24,0.061,24,34,0.99484,329,0.8,116,7
72,0.39,0.44,26,0.066,22,48,0.99494,33,0.84,115,6
75,0.31,0.41,24,0.065,34,60,0.99492,334,0.85,114,6
58,0.61,0.11,18,0.066,18,28,0.99483,355,0.66,109,6
72,0.66,0.33,25,0.068,34,102,0.99414,327,0.78,128,6
66,0.725,0.2,78,0.073,29,79,0.9977,329,0.54,92,5
63,0.55,0.15,18,0.077,26,35,0.99314,332,0.82,116,6
54,0.74,0.09,17,0.089,16,26,0.99402,367,0.56,116,6
63,0.51,0.13,23,0.076,29,40,0.99574,342,0.75,11,6
68,0.62,0.08,19,0.068,28,38,0.99651,342,0.82,95,6
62,0.6,0.08,2,0.09,32,44,0.9949,345,0.58,105,5
59,0.55,0.1,22,0.062,39,51,0.99512,352,0.76,112,6
63,0.51,0.13,23,0.076,29,40,0.99574,342,0.75,11,6
59,0.645,0.12,2,0.075,32,44,0.99547,357,0.71,102,5
6,0.31,0.47,36,0.067,18,42,0.99549,339,0.66,11,6
